工程分组	整理后目录	保留来源	内容SHA256	文件数	字节数	重复来源数量	重复来源
ShangHai_718	ShangHai_718/001__dex_app	ShangHai_718/dex_app/.project-log	1b084493f595ee36b83191b9c78a7af16a169aa83897db0687402f5f25af0f1f	25	108500	1	ShangHai_718/dex_app/.project-log
Transformer-Koopman	Transformer-Koopman/001__root	Transformer-Koopman/.project-log	e4e3a4d22d6526956bd2c15b7adc549515f084c658a1cc8fca9ffb4126ede3e0	14	46398	1	Transformer-Koopman/.project-log
boss_electrics	boss_electrics/001__root	boss_electrics/.project-log	ef7296807310c65c0e92c43a9f533aa47447f4568ef81d57328a7db0da2b90aa	53	119676	1	boss_electrics/.project-log
cucumber	cucumber/001__dexbot_ros2_ws__src__cuttofo_xcore	cucumber/dexbot_ros2_ws/src/cuttofo_xcore/.project-log	64d4054a500917fa9a98777541b0fd96266d0d67b6bc219e5f080595a4b0b8b1	38	583052	6	cucumber/dexbot_ros2_ws/src/cuttofo_xcore/.project-log | cucumber/dexbot_ros2_ws（另一个复件）/src/cuttofo_xcore/.project-log | cucumber/dexbot_ros2_ws（复件）/src/cuttofo_xcore/.project-log | cucumber/dexbot_ros2_ws（第 3 个复件）/src/cuttofo_xcore/.project-log | cucumber/备份/dexbot_ros2_ws(附件16)/src/cuttofo_xcore/.project-log | cucumber/备份/dexbot_ros2_ws（六月11日中午）/src/cuttofo_xcore/.project-log
cucumber	cucumber/002__dexbot_ros2_ws__src__dexbot_bottom_layer	cucumber/dexbot_ros2_ws/src/dexbot_bottom_layer/.project-log	09bf036a8729f037a3a0ae331f77bcc983382b6e0d607082d2f97bf65f595158	0	0	3	cucumber/dexbot_ros2_ws/src/dexbot_bottom_layer/.project-log | cucumber/dexbot_ros2_ws（另一个复件）/src/dexbot_bottom_layer/.project-log | cucumber/dexbot_ros2_ws（第 3 个复件）/src/dexbot_bottom_layer/.project-log
cucumber	cucumber/003__dexbot_ros2_ws__src__dexbot_middle_layer__CutTofo	cucumber/dexbot_ros2_ws/src/dexbot_middle_layer/CutTofo/.project-log	c437b544226cfecb36a256829e4e9e080c803b3ed30913016ceb4a0ef06924b9	26	267094	1	cucumber/dexbot_ros2_ws/src/dexbot_middle_layer/CutTofo/.project-log
cucumber	cucumber/004__dexbot_ros2_ws__src__dexbot_middle_layer__CutTofo__toolbox__cuttofo_calibration	cucumber/dexbot_ros2_ws/src/dexbot_middle_layer/CutTofo/toolbox/cuttofo_calibration/.project-log	cd7b9f1775a8768d196ecdc9c1deeaa4f71807ce15bcbd8573dd444f8351b089	4	37632	39	cucumber/dexbot_ros2_ws/src/dexbot_middle_layer/CutTofo/toolbox/cuttofo_calibration/.project-log | cucumber/dexbot_ros2_ws（另一个复件）/src/dexbot_middle_layer/CutTofo/toolbox/cuttofo_calibration/.project-log | cucumber/dexbot_ros2_ws（复件）/src/dexbot_middle_layer/CutTofo/toolbox/cuttofo_calibration/.project-log | cucumber/dexbot_ros2_ws（第 3 个复件）/src/dexbot_middle_layer/CutTofo/toolbox/cuttofo_calibration/.project-log | cucumber/备份/dexbot_ros2_ws(6号修改)/src/dexbot_middle_layer/CutTofo/toolbox/cuttofo_calibration/.project-log | cucumber/备份/dexbot_ros2_ws(附件16)/src/dexbot_middle_layer/CutTofo/toolbox/cuttofo_calibration/.project-log | cucumber/备份/dexbot_ros2_ws1（附件4）/src/cuttofo_calibration/.project-log | cucumber/备份/dexbot_ros2_ws_525（原始版本）/dexbot_ros2_ws/src/dexbot_middle_layer/CutTofo/toolbox/cuttofo_calibration/.project-log | cucumber/备份/dexbot_ros2_ws_525（复件）/dexbot_ros2_ws/src/dexbot_middle_layer/CutTofo/toolbox/cuttofo_calibration/.project-log | cucumber/备份/dexbot_ros2_ws_525（附件-13）/dexbot_ros2_ws/src/dexbot_middle_layer/CutTofo/toolbox/cuttofo_calibration/.project-log | cucumber/备份/dexbot_ros2_ws_525（附件10-豆腐全流程正在推进）/dexbot_ros2_ws/src/dexbot_middle_layer/CutTofo/toolbox/cuttofo_calibration/.project-log | cucumber/备份/dexbot_ros2_ws_525（附件11-初步全流程）/dexbot_ros2_ws/src/dexbot_middle_layer/CutTofo/toolbox/cuttofo_calibration/.project-log | cucumber/备份/dexbot_ros2_ws_525（附件12-全流程参数没优化）/dexbot_ros2_ws/src/dexbot_middle_layer/CutTofo/toolbox/cuttofo_calibration/.project-log | cucumber/备份/dexbot_ros2_ws_525（附件2）/dexbot_ros2_ws/src/dexbot_middle_layer/CutTofo/toolbox/cuttofo_calibration/.project-log | cucumber/备份/dexbot_ros2_ws_525（附件3）/dexbot_ros2_ws/src/dexbot_middle_layer/CutTofo/toolbox/cuttofo_calibration/.project-log | cucumber/备份/dexbot_ros2_ws_525（附件5）/dexbot_ros2_ws/src/dexbot_middle_layer/CutTofo/toolbox/cuttofo_calibration/.project-log | cucumber/备份/dexbot_ros2_ws_525（附件6）/dexbot_ros2_ws/src/dexbot_middle_layer/CutTofo/toolbox/cuttofo_calibration/.project-log | cucumber/备份/dexbot_ros2_ws_525（附件7-框架优化）/dexbot_ros2_ws/src/dexbot_middle_layer/CutTofo/toolbox/cuttofo_calibration/.project-log | cucumber/备份/dexbot_ros2_ws_525（附件8-开始解决豆腐问题）/dexbot_ros2_ws/src/dexbot_middle_layer/CutTofo/toolbox/cuttofo_calibration/.project-log | cucumber/备份/dexbot_ros2_ws_525（附件9-prepare求解失败）/dexbot_ros2_ws/src/dexbot_middle_layer/CutTofo/toolbox/cuttofo_calibration/.project-log | cucumber/备份/dexbot_ros2_ws_525（黄瓜全流程）/dexbot_ros2_ws/src/dexbot_middle_layer/CutTofo/toolbox/cuttofo_calibration/.project-log | cucumber/备份/dexbot_ros2_ws（6月7日上午）/src/dexbot_middle_layer/CutTofo/toolbox/cuttofo_calibration/.project-log | cucumber/备份/dexbot_ros2_ws（6月8日-上午）/src/dexbot_middle_layer/CutTofo/toolbox/cuttofo_calibration/.project-log | cucumber/备份/dexbot_ros2_ws（六月11日中午）/src/dexbot_middle_layer/CutTofo/toolbox/cuttofo_calibration/.project-log | cucumber/备份/dexbot_ros2_ws（附件-14）/src/dexbot_middle_layer/CutTofo/toolbox/cuttofo_calibration/.project-log | cucumber/备份/dexbot_ros2_ws（附件-15）/src/dexbot_middle_layer/CutTofo/toolbox/cuttofo_calibration/.project-log | cucumber/备份/dexbot_ros2_ws（附件16-没问题版本）/src/dexbot_middle_layer/CutTofo/toolbox/cuttofo_calibration/.project-log | cucumber/备份/dexbot_ros2_ws（附件16）/src/dexbot_middle_layer/CutTofo/toolbox/cuttofo_calibration/.project-log | tofu/dexbot_ros2_ws备份/dexbot_ros2_ws(附件24-23号上午测试参数没问题版本)/src/cuttofo_calibration/.project-log | tofu/dexbot_ros2_ws备份/dexbot_ros2_ws（附件23-拔刀修好了，但是阶段2还是不会动有BUG）/src/cuttofo_calibration/.project-log | tofu/dexbot_ros2_ws备份/dexbot_ros2_ws（附件25-视觉优化第一版本）/src/cuttofo_calibration/.project-log | tofu/dexbot_ros2_ws备份/dexbot_ros2_ws（附件26-继续优化）/src/cuttofo_calibration/.project-log | tofu/dexbot_ros2_ws备份/dexbot_ros2_ws（附件27-视觉优化版本2）/src/cuttofo_calibration/.project-log | tofu/dexbot_ros2_ws备份/dexbot_ros2_ws（附件28-准备优化阶段7的切割逻辑）/src/cuttofo_calibration/.project-log | tofu/dexbot_ros2_ws备份/dexbot_ros2_ws（附件29-23号最终版本）/src/cuttofo_calibration/.project-log | tofu/dexbot_ros2_ws备份/dexbot_ros2_ws（附件30-开始优化过渡阶段逻辑）/src/cuttofo_calibration/.project-log | tofu/dexbot_ros2_ws备份/dexbot_ros2_ws（附件31-24号最终没问题版本）/src/cuttofo_calibration/.project-log | tofu/dexbot_ros2_ws备份/dexbot_ros2_ws（附件32-准备重构框架）/src/cuttofo_calibration/.project-log | 切黄瓜项目跟踪/dexbot_ros2_ws（第 3 个复件）/src/cuttofo_calibration/.project-log
cucumber	cucumber/005__dexbot_ros2_ws__src__gui	cucumber/dexbot_ros2_ws/src/gui/.project-log	dc64884d4ca627a22e078ad22049303b9f496d44a0f3ea5d9dcce222c6955e0c	24	130926	3	cucumber/dexbot_ros2_ws/src/gui/.project-log | cucumber/dexbot_ros2_ws（另一个复件）/src/gui/.project-log | cucumber/dexbot_ros2_ws（第 3 个复件）/src/gui/.project-log
cucumber	cucumber/006__dexbot_ros2_ws__src__gui_backup__gui	cucumber/dexbot_ros2_ws/src/gui_backup/gui/.project-log	15d453c71f64312bf3d79807b53c8ed2d8396215d9a53532010e5b0e8ca92b96	3	38894	64	cucumber/dexbot_ros2_ws/src/gui_backup/gui/.project-log | cucumber/dexbot_ros2_ws（另一个复件）/src/gui_backup/gui/.project-log | cucumber/dexbot_ros2_ws（复件）/src/gui_backup/gui/.project-log | cucumber/dexbot_ros2_ws（第 3 个复件）/src/gui_backup/gui/.project-log | cucumber/备份/dexbot_ros2_ws(6号修改)/src/gui_backup/gui/.project-log | cucumber/备份/dexbot_ros2_ws(附件16)/src/gui_backup/gui/.project-log | cucumber/备份/dexbot_ros2_ws1（附件4）/src/gui_backup/gui/.project-log | cucumber/备份/dexbot_ros2_ws_525（原始版本）/dexbot_ros2_ws/src/gui_backup/gui/.project-log | cucumber/备份/dexbot_ros2_ws_525（复件）/dexbot_ros2_ws/src/gui_backup/gui/.project-log | cucumber/备份/dexbot_ros2_ws_525（附件-13）/dexbot_ros2_ws/src/gui_backup/gui/.project-log | cucumber/备份/dexbot_ros2_ws_525（附件10-豆腐全流程正在推进）/dexbot_ros2_ws/src/gui_backup/gui/.project-log | cucumber/备份/dexbot_ros2_ws_525（附件11-初步全流程）/dexbot_ros2_ws/src/gui_backup/gui/.project-log | cucumber/备份/dexbot_ros2_ws_525（附件12-全流程参数没优化）/dexbot_ros2_ws/src/gui_backup/gui/.project-log | cucumber/备份/dexbot_ros2_ws_525（附件2）/dexbot_ros2_ws/src/gui_backup/gui/.project-log | cucumber/备份/dexbot_ros2_ws_525（附件3）/dexbot_ros2_ws/src/gui_backup/gui/.project-log | cucumber/备份/dexbot_ros2_ws_525（附件5）/dexbot_ros2_ws/src/gui_backup/gui/.project-log | cucumber/备份/dexbot_ros2_ws_525（附件6）/dexbot_ros2_ws/src/gui_backup/gui/.project-log | cucumber/备份/dexbot_ros2_ws_525（附件7-框架优化）/dexbot_ros2_ws/src/gui_backup/gui/.project-log | cucumber/备份/dexbot_ros2_ws_525（附件8-开始解决豆腐问题）/dexbot_ros2_ws/src/gui_backup/gui/.project-log | cucumber/备份/dexbot_ros2_ws_525（附件9-prepare求解失败）/dexbot_ros2_ws/src/gui_backup/gui/.project-log | cucumber/备份/dexbot_ros2_ws_525（黄瓜全流程）/dexbot_ros2_ws/src/gui_backup/gui/.project-log | cucumber/备份/dexbot_ros2_ws（6月7日上午）/src/gui_backup/gui/.project-log | cucumber/备份/dexbot_ros2_ws（6月8日-上午）/src/gui_backup/gui/.project-log | cucumber/备份/dexbot_ros2_ws（六月11日中午）/src/gui_backup/gui/.project-log | cucumber/备份/dexbot_ros2_ws（附件-14）/src/gui_backup/gui/.project-log | cucumber/备份/dexbot_ros2_ws（附件-15）/src/gui_backup/gui/.project-log | cucumber/备份/dexbot_ros2_ws（附件16-没问题版本）/src/gui_backup/gui/.project-log | cucumber/备份/dexbot_ros2_ws（附件16）/src/gui_backup/gui/.project-log | tofu/dexbot_ros2_ws备份/dexbot_ros2_ws(附件22-20号上午调试的稳定版本)/src/gui_backup/gui/.project-log | tofu/dexbot_ros2_ws备份/dexbot_ros2_ws(附件24-23号上午测试参数没问题版本)/src/gui_backup/gui/.project-log | tofu/dexbot_ros2_ws备份/dexbot_ros2_ws11（竖着切有点小问题）/src/gui_backup/gui/.project-log | tofu/dexbot_ros2_ws备份/dexbot_ros2_ws（备份16-还没有集成抓刀逻辑，做了一下phase·跳转的优化）/src/gui_backup/gui/.project-log | tofu/dexbot_ros2_ws备份/dexbot_ros2_ws（复件10-准备加入box提示逻辑）/src/gui_backup/gui/.project-log | tofu/dexbot_ros2_ws备份/dexbot_ros2_ws（复件12-切换右臂之后，还没调试好）/src/gui_backup/gui/.project-log | tofu/dexbot_ros2_ws备份/dexbot_ros2_ws（复件13-修复了一些阶段7的下切BUG）/src/gui_backup/gui/.project-log | tofu/dexbot_ros2_ws备份/dexbot_ros2_ws（复件14-目前暂时没问题的版本）/src/gui_backup/gui/.project-log | tofu/dexbot_ros2_ws备份/dexbot_ros2_ws（复件17-重新标定相机之后的版本）/src/gui_backup/gui/.project-log | tofu/dexbot_ros2_ws备份/dexbot_ros2_ws（复件2）/src/gui_backup/gui/.project-log | tofu/dexbot_ros2_ws备份/dexbot_ros2_ws（复件3-15号初始）/src/gui_backup/gui/.project-log | tofu/dexbot_ros2_ws备份/dexbot_ros2_ws（复件4）/src/gui_backup/gui/.project-log | tofu/dexbot_ros2_ws备份/dexbot_ros2_ws（复件5）/src/gui_backup/gui/.project-log | tofu/dexbot_ros2_ws备份/dexbot_ros2_ws（复件6）/src/gui_backup/gui/.project-log | tofu/dexbot_ros2_ws备份/dexbot_ros2_ws（复件7）/src/gui_backup/gui/.project-log | tofu/dexbot_ros2_ws备份/dexbot_ros2_ws（复件8中间，旋转不行）/src/gui_backup/gui/.project-log | tofu/dexbot_ros2_ws备份/dexbot_ros2_ws（复件9,phase1-5没问题）/src/gui_backup/gui/.project-log | tofu/dexbot_ros2_ws备份/dexbot_ros2_ws（附件15-准备集成抓刀逻辑）/src/gui_backup/gui/.project-log | tofu/dexbot_ros2_ws备份/dexbot_ros2_ws（附件16-阶段3有BUG会抽搐的版本）/src/gui_backup/gui/.project-log | tofu/dexbot_ros2_ws备份/dexbot_ros2_ws（附件17-开始集成抓刀的逻辑）/src/gui_backup/gui/.project-log | tofu/dexbot_ros2_ws备份/dexbot_ros2_ws（附件18-初步测试可以抓刀，需要修改一下抓刀参数然后测试能不能全流程）/src/gui_backup/gui/.project-log | tofu/dexbot_ros2_ws备份/dexbot_ros2_ws（附件19-全流程能串但是拔刀之后切豆腐会抽搐）/src/gui_backup/gui/.project-log | tofu/dexbot_ros2_ws备份/dexbot_ros2_ws（附件20）/src/gui_backup/gui/.project-log | tofu/dexbot_ros2_ws备份/dexbot_ros2_ws（附件21-全流程参数最优版）/src/gui_backup/gui/.project-log | tofu/dexbot_ros2_ws备份/dexbot_ros2_ws（附件23-拔刀修好了，但是阶段2还是不会动有BUG）/src/gui_backup/gui/.project-log | tofu/dexbot_ros2_ws备份/dexbot_ros2_ws（附件25-视觉优化第一版本）/src/gui_backup/gui/.project-log | tofu/dexbot_ros2_ws备份/dexbot_ros2_ws（附件26-继续优化）/src/gui_backup/gui/.project-log | tofu/dexbot_ros2_ws备份/dexbot_ros2_ws（附件27-视觉优化版本2）/src/gui_backup/gui/.project-log | tofu/dexbot_ros2_ws备份/dexbot_ros2_ws（附件28-准备优化阶段7的切割逻辑）/src/gui_backup/gui/.project-log | tofu/dexbot_ros2_ws备份/dexbot_ros2_ws（附件29-23号最终版本）/src/gui_backup/gui/.project-log | tofu/dexbot_ros2_ws备份/dexbot_ros2_ws（附件30-开始优化过渡阶段逻辑）/src/gui_backup/gui/.project-log | tofu/dexbot_ros2_ws备份/dexbot_ros2_ws（附件31-24号最终没问题版本）/src/gui_backup/gui/.project-log | tofu/dexbot_ros2_ws备份/dexbot_ros2_ws（附件32-准备重构框架）/src/gui_backup/gui/.project-log | 切黄瓜项目跟踪/dexbot_ros2_ws（另一个复件）/src/gui_backup/gui/.project-log | 切黄瓜项目跟踪/dexbot_ros2_ws（复件）/src/gui_backup/gui/.project-log | 切黄瓜项目跟踪/dexbot_ros2_ws（第 3 个复件）/src/gui_backup/gui/.project-log
cucumber	cucumber/007__dexbot_ros2_ws__src__gui_backup__gui2	cucumber/dexbot_ros2_ws/src/gui_backup/gui2/.project-log	edf90347b1d3d1a14346fdc6f9fc8a94b7d90deef9d8926788edefa47f19636c	3	59283	64	cucumber/dexbot_ros2_ws/src/gui_backup/gui2/.project-log | cucumber/dexbot_ros2_ws（另一个复件）/src/gui_backup/gui2/.project-log | cucumber/dexbot_ros2_ws（复件）/src/gui_backup/gui2/.project-log | cucumber/dexbot_ros2_ws（第 3 个复件）/src/gui_backup/gui2/.project-log | cucumber/备份/dexbot_ros2_ws(6号修改)/src/gui_backup/gui2/.project-log | cucumber/备份/dexbot_ros2_ws(附件16)/src/gui_backup/gui2/.project-log | cucumber/备份/dexbot_ros2_ws1（附件4）/src/gui_backup/gui2/.project-log | cucumber/备份/dexbot_ros2_ws_525（原始版本）/dexbot_ros2_ws/src/gui_backup/gui2/.project-log | cucumber/备份/dexbot_ros2_ws_525（复件）/dexbot_ros2_ws/src/gui_backup/gui2/.project-log | cucumber/备份/dexbot_ros2_ws_525（附件-13）/dexbot_ros2_ws/src/gui_backup/gui2/.project-log | cucumber/备份/dexbot_ros2_ws_525（附件10-豆腐全流程正在推进）/dexbot_ros2_ws/src/gui_backup/gui2/.project-log | cucumber/备份/dexbot_ros2_ws_525（附件11-初步全流程）/dexbot_ros2_ws/src/gui_backup/gui2/.project-log | cucumber/备份/dexbot_ros2_ws_525（附件12-全流程参数没优化）/dexbot_ros2_ws/src/gui_backup/gui2/.project-log | cucumber/备份/dexbot_ros2_ws_525（附件2）/dexbot_ros2_ws/src/gui_backup/gui2/.project-log | cucumber/备份/dexbot_ros2_ws_525（附件3）/dexbot_ros2_ws/src/gui_backup/gui2/.project-log | cucumber/备份/dexbot_ros2_ws_525（附件5）/dexbot_ros2_ws/src/gui_backup/gui2/.project-log | cucumber/备份/dexbot_ros2_ws_525（附件6）/dexbot_ros2_ws/src/gui_backup/gui2/.project-log | cucumber/备份/dexbot_ros2_ws_525（附件7-框架优化）/dexbot_ros2_ws/src/gui_backup/gui2/.project-log | cucumber/备份/dexbot_ros2_ws_525（附件8-开始解决豆腐问题）/dexbot_ros2_ws/src/gui_backup/gui2/.project-log | cucumber/备份/dexbot_ros2_ws_525（附件9-prepare求解失败）/dexbot_ros2_ws/src/gui_backup/gui2/.project-log | cucumber/备份/dexbot_ros2_ws_525（黄瓜全流程）/dexbot_ros2_ws/src/gui_backup/gui2/.project-log | cucumber/备份/dexbot_ros2_ws（6月7日上午）/src/gui_backup/gui2/.project-log | cucumber/备份/dexbot_ros2_ws（6月8日-上午）/src/gui_backup/gui2/.project-log | cucumber/备份/dexbot_ros2_ws（六月11日中午）/src/gui_backup/gui2/.project-log | cucumber/备份/dexbot_ros2_ws（附件-14）/src/gui_backup/gui2/.project-log | cucumber/备份/dexbot_ros2_ws（附件-15）/src/gui_backup/gui2/.project-log | cucumber/备份/dexbot_ros2_ws（附件16-没问题版本）/src/gui_backup/gui2/.project-log | cucumber/备份/dexbot_ros2_ws（附件16）/src/gui_backup/gui2/.project-log | tofu/dexbot_ros2_ws备份/dexbot_ros2_ws(附件22-20号上午调试的稳定版本)/src/gui_backup/gui2/.project-log | tofu/dexbot_ros2_ws备份/dexbot_ros2_ws(附件24-23号上午测试参数没问题版本)/src/gui_backup/gui2/.project-log | tofu/dexbot_ros2_ws备份/dexbot_ros2_ws11（竖着切有点小问题）/src/gui_backup/gui2/.project-log | tofu/dexbot_ros2_ws备份/dexbot_ros2_ws（备份16-还没有集成抓刀逻辑，做了一下phase·跳转的优化）/src/gui_backup/gui2/.project-log | tofu/dexbot_ros2_ws备份/dexbot_ros2_ws（复件10-准备加入box提示逻辑）/src/gui_backup/gui2/.project-log | tofu/dexbot_ros2_ws备份/dexbot_ros2_ws（复件12-切换右臂之后，还没调试好）/src/gui_backup/gui2/.project-log | tofu/dexbot_ros2_ws备份/dexbot_ros2_ws（复件13-修复了一些阶段7的下切BUG）/src/gui_backup/gui2/.project-log | tofu/dexbot_ros2_ws备份/dexbot_ros2_ws（复件14-目前暂时没问题的版本）/src/gui_backup/gui2/.project-log | tofu/dexbot_ros2_ws备份/dexbot_ros2_ws（复件17-重新标定相机之后的版本）/src/gui_backup/gui2/.project-log | tofu/dexbot_ros2_ws备份/dexbot_ros2_ws（复件2）/src/gui_backup/gui2/.project-log | tofu/dexbot_ros2_ws备份/dexbot_ros2_ws（复件3-15号初始）/src/gui_backup/gui2/.project-log | tofu/dexbot_ros2_ws备份/dexbot_ros2_ws（复件4）/src/gui_backup/gui2/.project-log | tofu/dexbot_ros2_ws备份/dexbot_ros2_ws（复件5）/src/gui_backup/gui2/.project-log | tofu/dexbot_ros2_ws备份/dexbot_ros2_ws（复件6）/src/gui_backup/gui2/.project-log | tofu/dexbot_ros2_ws备份/dexbot_ros2_ws（复件7）/src/gui_backup/gui2/.project-log | tofu/dexbot_ros2_ws备份/dexbot_ros2_ws（复件8中间，旋转不行）/src/gui_backup/gui2/.project-log | tofu/dexbot_ros2_ws备份/dexbot_ros2_ws（复件9,phase1-5没问题）/src/gui_backup/gui2/.project-log | tofu/dexbot_ros2_ws备份/dexbot_ros2_ws（附件15-准备集成抓刀逻辑）/src/gui_backup/gui2/.project-log | tofu/dexbot_ros2_ws备份/dexbot_ros2_ws（附件16-阶段3有BUG会抽搐的版本）/src/gui_backup/gui2/.project-log | tofu/dexbot_ros2_ws备份/dexbot_ros2_ws（附件17-开始集成抓刀的逻辑）/src/gui_backup/gui2/.project-log | tofu/dexbot_ros2_ws备份/dexbot_ros2_ws（附件18-初步测试可以抓刀，需要修改一下抓刀参数然后测试能不能全流程）/src/gui_backup/gui2/.project-log | tofu/dexbot_ros2_ws备份/dexbot_ros2_ws（附件19-全流程能串但是拔刀之后切豆腐会抽搐）/src/gui_backup/gui2/.project-log | tofu/dexbot_ros2_ws备份/dexbot_ros2_ws（附件20）/src/gui_backup/gui2/.project-log | tofu/dexbot_ros2_ws备份/dexbot_ros2_ws（附件21-全流程参数最优版）/src/gui_backup/gui2/.project-log | tofu/dexbot_ros2_ws备份/dexbot_ros2_ws（附件23-拔刀修好了，但是阶段2还是不会动有BUG）/src/gui_backup/gui2/.project-log | tofu/dexbot_ros2_ws备份/dexbot_ros2_ws（附件25-视觉优化第一版本）/src/gui_backup/gui2/.project-log | tofu/dexbot_ros2_ws备份/dexbot_ros2_ws（附件26-继续优化）/src/gui_backup/gui2/.project-log | tofu/dexbot_ros2_ws备份/dexbot_ros2_ws（附件27-视觉优化版本2）/src/gui_backup/gui2/.project-log | tofu/dexbot_ros2_ws备份/dexbot_ros2_ws（附件28-准备优化阶段7的切割逻辑）/src/gui_backup/gui2/.project-log | tofu/dexbot_ros2_ws备份/dexbot_ros2_ws（附件29-23号最终版本）/src/gui_backup/gui2/.project-log | tofu/dexbot_ros2_ws备份/dexbot_ros2_ws（附件30-开始优化过渡阶段逻辑）/src/gui_backup/gui2/.project-log | tofu/dexbot_ros2_ws备份/dexbot_ros2_ws（附件31-24号最终没问题版本）/src/gui_backup/gui2/.project-log | tofu/dexbot_ros2_ws备份/dexbot_ros2_ws（附件32-准备重构框架）/src/gui_backup/gui2/.project-log | 切黄瓜项目跟踪/dexbot_ros2_ws（另一个复件）/src/gui_backup/gui2/.project-log | 切黄瓜项目跟踪/dexbot_ros2_ws（复件）/src/gui_backup/gui2/.project-log | 切黄瓜项目跟踪/dexbot_ros2_ws（第 3 个复件）/src/gui_backup/gui2/.project-log
cucumber	cucumber/008__dexbot_ros2_ws（另一个复件）__src__dexbot_middle_layer__CutTofo	cucumber/dexbot_ros2_ws（另一个复件）/src/dexbot_middle_layer/CutTofo/.project-log	e756cb4e4553cd0ac33ec47559e91589242ad4876bc376b9d3b1625b1adbcd08	25	281987	1	cucumber/dexbot_ros2_ws（另一个复件）/src/dexbot_middle_layer/CutTofo/.project-log
cucumber	cucumber/009__dexbot_ros2_ws（复件）__src__dexbot_middle_layer__CutTofo	cucumber/dexbot_ros2_ws（复件）/src/dexbot_middle_layer/CutTofo/.project-log	4ff37c31bdbfa2ae2ee28bfe82e499088a579bcdebbac38d0099fd3787de031d	25	255002	1	cucumber/dexbot_ros2_ws（复件）/src/dexbot_middle_layer/CutTofo/.project-log
cucumber	cucumber/010__dexbot_ros2_ws（第 3 个复件）__src__dexbot_middle_layer__CutTofo	cucumber/dexbot_ros2_ws（第 3 个复件）/src/dexbot_middle_layer/CutTofo/.project-log	f6c1bd3d52795f3d226324ead03f865f02746852e0b8b7239c53c73911b1b8ee	26	266109	1	cucumber/dexbot_ros2_ws（第 3 个复件）/src/dexbot_middle_layer/CutTofo/.project-log
cucumber	cucumber/011__备份__dexbot_ros2_ws(6号修改)__src__cuttofo_xcore	cucumber/备份/dexbot_ros2_ws(6号修改)/src/cuttofo_xcore/.project-log	d2753aa330b46fb5d2ec886074e512f727acb7ee56451560f247c217c1cbd547	29	580298	23	cucumber/备份/dexbot_ros2_ws(6号修改)/src/cuttofo_xcore/.project-log | cucumber/备份/dexbot_ros2_ws_525（原始版本）/dexbot_ros2_ws/src/cuttofo_xcore/.project-log | cucumber/备份/dexbot_ros2_ws_525（复件）/dexbot_ros2_ws/src/cuttofo_xcore/.project-log | cucumber/备份/dexbot_ros2_ws_525（附件-13）/dexbot_ros2_ws/src/cuttofo_xcore/.project-log | cucumber/备份/dexbot_ros2_ws_525（附件10-豆腐全流程正在推进）/dexbot_ros2_ws/src/cuttofo_xcore/.project-log | cucumber/备份/dexbot_ros2_ws_525（附件11-初步全流程）/dexbot_ros2_ws/src/cuttofo_xcore/.project-log | cucumber/备份/dexbot_ros2_ws_525（附件12-全流程参数没优化）/dexbot_ros2_ws/src/cuttofo_xcore/.project-log | cucumber/备份/dexbot_ros2_ws_525（附件2）/dexbot_ros2_ws/src/cuttofo_xcore/.project-log | cucumber/备份/dexbot_ros2_ws_525（附件3）/dexbot_ros2_ws/src/cuttofo_xcore/.project-log | cucumber/备份/dexbot_ros2_ws_525（附件5）/dexbot_ros2_ws/src/cuttofo_xcore/.project-log | cucumber/备份/dexbot_ros2_ws_525（附件6）/dexbot_ros2_ws/src/cuttofo_xcore/.project-log | cucumber/备份/dexbot_ros2_ws_525（附件7-框架优化）/dexbot_ros2_ws/src/cuttofo_xcore/.project-log | cucumber/备份/dexbot_ros2_ws_525（附件8-开始解决豆腐问题）/dexbot_ros2_ws/src/cuttofo_xcore/.project-log | cucumber/备份/dexbot_ros2_ws_525（附件9-prepare求解失败）/dexbot_ros2_ws/src/cuttofo_xcore/.project-log | cucumber/备份/dexbot_ros2_ws_525（黄瓜全流程）/dexbot_ros2_ws/src/cuttofo_xcore/.project-log | cucumber/备份/dexbot_ros2_ws（6月7日上午）/src/cuttofo_xcore/.project-log | cucumber/备份/dexbot_ros2_ws（6月8日-上午）/src/cuttofo_xcore/.project-log | cucumber/备份/dexbot_ros2_ws（附件-14）/src/cuttofo_xcore/.project-log | cucumber/备份/dexbot_ros2_ws（附件-15）/src/cuttofo_xcore/.project-log | cucumber/备份/dexbot_ros2_ws（附件16-没问题版本）/src/cuttofo_xcore/.project-log | cucumber/备份/dexbot_ros2_ws（附件16）/src/cuttofo_xcore/.project-log | tofu/dexbot_ros2_ws备份/dexbot_ros2_ws(附件24-23号上午测试参数没问题版本)/src/cuttofo_xcore/.project-log | tofu/dexbot_ros2_ws备份/dexbot_ros2_ws（附件23-拔刀修好了，但是阶段2还是不会动有BUG）/src/cuttofo_xcore/.project-log
cucumber	cucumber/012__备份__dexbot_ros2_ws(6号修改)__src__dexbot_middle_layer__CutTofo	cucumber/备份/dexbot_ros2_ws(6号修改)/src/dexbot_middle_layer/CutTofo/.project-log	214ba5352c37acf7bb224d3ba2949053c1d5f2a68578f30dfef4cfcad8af310d	14	51562	1	cucumber/备份/dexbot_ros2_ws(6号修改)/src/dexbot_middle_layer/CutTofo/.project-log
cucumber	cucumber/013__备份__dexbot_ros2_ws(附件16)__src__dexbot_middle_layer__CutTofo	cucumber/备份/dexbot_ros2_ws(附件16)/src/dexbot_middle_layer/CutTofo/.project-log	3b27505e2ff4ff1bc1dd3d2afc5aaf4d8004a2e5eed0375d8782eae70d95a6e4	25	145857	1	cucumber/备份/dexbot_ros2_ws(附件16)/src/dexbot_middle_layer/CutTofo/.project-log
cucumber	cucumber/014__备份__dexbot_ros2_ws1（附件4）__src__cuttofo_xcore	cucumber/备份/dexbot_ros2_ws1（附件4）/src/cuttofo_xcore/.project-log	a4a97e7a1d17b36c8c261a465e3a95d287021875aa40abb0647e48926dcfe756	29	593222	4	cucumber/备份/dexbot_ros2_ws1（附件4）/src/cuttofo_xcore/.project-log | tofu/dexbot_ros2_ws备份/dexbot_ros2_ws（附件30-开始优化过渡阶段逻辑）/src/cuttofo_xcore/.project-log | tofu/dexbot_ros2_ws备份/dexbot_ros2_ws（附件31-24号最终没问题版本）/src/cuttofo_xcore/.project-log | tofu/dexbot_ros2_ws备份/dexbot_ros2_ws（附件32-准备重构框架）/src/cuttofo_xcore/.project-log
cucumber	cucumber/015__备份__dexbot_ros2_ws_525（复件）__dexbot_ros2_ws	cucumber/备份/dexbot_ros2_ws_525（复件）/dexbot_ros2_ws/.project-log	48e80d5b2174acdde602d741574e504044fa53f9ee0c96f694a85d1a39a7e651	16	64042	1	cucumber/备份/dexbot_ros2_ws_525（复件）/dexbot_ros2_ws/.project-log
cucumber	cucumber/016__备份__dexbot_ros2_ws_525（附件-13）__dexbot_ros2_ws	cucumber/备份/dexbot_ros2_ws_525（附件-13）/dexbot_ros2_ws/.project-log	fd2de7839befddc31dcf52330108d51215d0c94739bd13d00c678155e098e361	17	99589	1	cucumber/备份/dexbot_ros2_ws_525（附件-13）/dexbot_ros2_ws/.project-log
cucumber	cucumber/017__备份__dexbot_ros2_ws_525（附件11-初步全流程）__dexbot_ros2_ws	cucumber/备份/dexbot_ros2_ws_525（附件11-初步全流程）/dexbot_ros2_ws/.project-log	59fb7a260c04ceaadd99d33c6f54593fcc088f83c71aad0b9a9f1c4d0b676580	17	96648	3	cucumber/备份/dexbot_ros2_ws_525（附件10-豆腐全流程正在推进）/dexbot_ros2_ws/.project-log | cucumber/备份/dexbot_ros2_ws_525（附件11-初步全流程）/dexbot_ros2_ws/.project-log | cucumber/备份/dexbot_ros2_ws_525（附件12-全流程参数没优化）/dexbot_ros2_ws/.project-log
cucumber	cucumber/018__备份__dexbot_ros2_ws_525（附件14-saurce备份）__dexbot_ros2_ws__src__dexbot_middle_layer__CutTofo	cucumber/备份/dexbot_ros2_ws_525（附件14-saurce备份）/dexbot_ros2_ws/src/dexbot_middle_layer/CutTofo/.project-log	efd601d3b5a10abb7dbea8f7924c6c7fb47d994a7576b6a18f88eef8a8c821c0	18	69181	1	cucumber/备份/dexbot_ros2_ws_525（附件14-saurce备份）/dexbot_ros2_ws/src/dexbot_middle_layer/CutTofo/.project-log
cucumber	cucumber/019__备份__dexbot_ros2_ws_525（附件14-浇汁代码）__dexbot_ros2_ws__src__cuttofo_xcore	cucumber/备份/dexbot_ros2_ws_525（附件14-浇汁代码）/dexbot_ros2_ws/src/cuttofo_xcore/.project-log	992ee3a3f05e819b3c9b638a80743109e3443466489f4b2822af513a13cf111c	29	581202	2	cucumber/备份/dexbot_ros2_ws_525（附件14-saurce备份）/dexbot_ros2_ws/src/cuttofo_xcore/.project-log | cucumber/备份/dexbot_ros2_ws_525（附件14-浇汁代码）/dexbot_ros2_ws/src/cuttofo_xcore/.project-log
cucumber	cucumber/020__备份__dexbot_ros2_ws_525（附件14-浇汁代码）__dexbot_ros2_ws__src__dexbot_middle_layer__CutTofo	cucumber/备份/dexbot_ros2_ws_525（附件14-浇汁代码）/dexbot_ros2_ws/src/dexbot_middle_layer/CutTofo/.project-log	ae17064e6a08d7bfde57f87e2274de08021b07637666e6f897b5e3f8f57e5481	18	69459	1	cucumber/备份/dexbot_ros2_ws_525（附件14-浇汁代码）/dexbot_ros2_ws/src/dexbot_middle_layer/CutTofo/.project-log
cucumber	cucumber/021__备份__dexbot_ros2_ws_525（附件14-浇汁代码）__dexbot_ros2_ws__src__dexbot_middle_layer__CutTofo__toolbox__cuttofo_calibration	cucumber/备份/dexbot_ros2_ws_525（附件14-浇汁代码）/dexbot_ros2_ws/src/dexbot_middle_layer/CutTofo/toolbox/cuttofo_calibration/.project-log	0e6fb07b46ce76734d17f9bdcb40136f963e00a694fa11a6fff271c198cd300e	4	37660	2	cucumber/备份/dexbot_ros2_ws_525（附件14-saurce备份）/dexbot_ros2_ws/src/dexbot_middle_layer/CutTofo/toolbox/cuttofo_calibration/.project-log | cucumber/备份/dexbot_ros2_ws_525（附件14-浇汁代码）/dexbot_ros2_ws/src/dexbot_middle_layer/CutTofo/toolbox/cuttofo_calibration/.project-log
cucumber	cucumber/022__备份__dexbot_ros2_ws_525（附件14-浇汁代码）__dexbot_ros2_ws__src__gui_backup__gui	cucumber/备份/dexbot_ros2_ws_525（附件14-浇汁代码）/dexbot_ros2_ws/src/gui_backup/gui/.project-log	33e02fa00ecd6bf80cd46bfcbad65756e6d6053b1f4a6c8a8ba3622cf908e071	3	43710	2	cucumber/备份/dexbot_ros2_ws_525（附件14-saurce备份）/dexbot_ros2_ws/src/gui_backup/gui/.project-log | cucumber/备份/dexbot_ros2_ws_525（附件14-浇汁代码）/dexbot_ros2_ws/src/gui_backup/gui/.project-log
cucumber	cucumber/023__备份__dexbot_ros2_ws_525（附件14-浇汁代码）__dexbot_ros2_ws__src__gui_backup__gui2	cucumber/备份/dexbot_ros2_ws_525（附件14-浇汁代码）/dexbot_ros2_ws/src/gui_backup/gui2/.project-log	eb51e88f94364413511aeda5c3f5fdf290bbda0e73792e820124b53bd87b1b54	3	64099	2	cucumber/备份/dexbot_ros2_ws_525（附件14-saurce备份）/dexbot_ros2_ws/src/gui_backup/gui2/.project-log | cucumber/备份/dexbot_ros2_ws_525（附件14-浇汁代码）/dexbot_ros2_ws/src/gui_backup/gui2/.project-log
cucumber	cucumber/024__备份__dexbot_ros2_ws_525（附件2）__dexbot_ros2_ws	cucumber/备份/dexbot_ros2_ws_525（附件2）/dexbot_ros2_ws/.project-log	8146b82a40e18bd8e6dfbbaed6ad6839a307d827b532d325b50802a7c83f4e02	16	70210	3	cucumber/备份/dexbot_ros2_ws_525（附件2）/dexbot_ros2_ws/.project-log | cucumber/备份/dexbot_ros2_ws_525（附件3）/dexbot_ros2_ws/.project-log | cucumber/备份/dexbot_ros2_ws_525（附件5）/dexbot_ros2_ws/.project-log
cucumber	cucumber/025__备份__dexbot_ros2_ws_525（附件7-框架优化）__dexbot_ros2_ws	cucumber/备份/dexbot_ros2_ws_525（附件7-框架优化）/dexbot_ros2_ws/.project-log	6606e84d8653f11313cc1cb0eeddb73df4fdbc85fb78014e14569a6c4d00580c	17	89540	1	cucumber/备份/dexbot_ros2_ws_525（附件7-框架优化）/dexbot_ros2_ws/.project-log
cucumber	cucumber/026__备份__dexbot_ros2_ws_525（附件8-开始解决豆腐问题）__dexbot_ros2_ws	cucumber/备份/dexbot_ros2_ws_525（附件8-开始解决豆腐问题）/dexbot_ros2_ws/.project-log	175254c7d44b882e47b50af4784fa1c54f44b8befa1288002f635dd15eb39200	17	95393	2	cucumber/备份/dexbot_ros2_ws_525（附件8-开始解决豆腐问题）/dexbot_ros2_ws/.project-log | cucumber/备份/dexbot_ros2_ws_525（附件9-prepare求解失败）/dexbot_ros2_ws/.project-log
cucumber	cucumber/027__备份__dexbot_ros2_ws_525（黄瓜全流程）__dexbot_ros2_ws	cucumber/备份/dexbot_ros2_ws_525（黄瓜全流程）/dexbot_ros2_ws/.project-log	687fcf22d46ed689776d7422f73c1dadd6363e304bd8cc1f88b722d8bdcebc8d	17	82758	2	cucumber/备份/dexbot_ros2_ws_525（附件6）/dexbot_ros2_ws/.project-log | cucumber/备份/dexbot_ros2_ws_525（黄瓜全流程）/dexbot_ros2_ws/.project-log
cucumber	cucumber/028__备份__dexbot_ros2_ws_525（黄瓜全流程）__dexbot_ros2_ws__src__gui	cucumber/备份/dexbot_ros2_ws_525（黄瓜全流程）/dexbot_ros2_ws/src/gui/.project-log	53b107176085b688fe8475fb86def7f38b79c3cdaccc380b1591b012be27f8b6	24	125948	17	cucumber/备份/dexbot_ros2_ws1（附件4）/src/gui/.project-log | cucumber/备份/dexbot_ros2_ws_525（复件）/dexbot_ros2_ws/src/gui/.project-log | cucumber/备份/dexbot_ros2_ws_525（附件-13）/dexbot_ros2_ws/src/gui/.project-log | cucumber/备份/dexbot_ros2_ws_525（附件10-豆腐全流程正在推进）/dexbot_ros2_ws/src/gui/.project-log | cucumber/备份/dexbot_ros2_ws_525（附件11-初步全流程）/dexbot_ros2_ws/src/gui/.project-log | cucumber/备份/dexbot_ros2_ws_525（附件12-全流程参数没优化）/dexbot_ros2_ws/src/gui/.project-log | cucumber/备份/dexbot_ros2_ws_525（附件14-saurce备份）/dexbot_ros2_ws/src/gui/.project-log | cucumber/备份/dexbot_ros2_ws_525（附件14-浇汁代码）/dexbot_ros2_ws/src/gui/.project-log | cucumber/备份/dexbot_ros2_ws_525（附件2）/dexbot_ros2_ws/src/gui/.project-log | cucumber/备份/dexbot_ros2_ws_525（附件3）/dexbot_ros2_ws/src/gui/.project-log | cucumber/备份/dexbot_ros2_ws_525（附件5）/dexbot_ros2_ws/src/gui/.project-log | cucumber/备份/dexbot_ros2_ws_525（附件6）/dexbot_ros2_ws/src/gui/.project-log | cucumber/备份/dexbot_ros2_ws_525（附件7-框架优化）/dexbot_ros2_ws/src/gui/.project-log | cucumber/备份/dexbot_ros2_ws_525（附件8-开始解决豆腐问题）/dexbot_ros2_ws/src/gui/.project-log | cucumber/备份/dexbot_ros2_ws_525（附件9-prepare求解失败）/dexbot_ros2_ws/src/gui/.project-log | cucumber/备份/dexbot_ros2_ws_525（黄瓜全流程）/dexbot_ros2_ws/src/gui/.project-log | tofu/dexbot_ros2_ws备份/dexbot_ros2_ws（附件32-准备重构框架）/src/gui/.project-log
cucumber	cucumber/029__备份__dexbot_ros2_ws（6月7日上午）__src__dexbot_middle_layer__CutTofo	cucumber/备份/dexbot_ros2_ws（6月7日上午）/src/dexbot_middle_layer/CutTofo/.project-log	8259b734007665688c1559826b050c686766c41341f3ff9fd9f93243e68770ee	14	56096	1	cucumber/备份/dexbot_ros2_ws（6月7日上午）/src/dexbot_middle_layer/CutTofo/.project-log
cucumber	cucumber/030__备份__dexbot_ros2_ws（6月8日-上午）__src__dexbot_middle_layer__CutTofo	cucumber/备份/dexbot_ros2_ws（6月8日-上午）/src/dexbot_middle_layer/CutTofo/.project-log	535089b325dbe57d7c4f62a288f3bcd53325e5084422fc25bcf6cfdd37edc2b2	14	87576	1	cucumber/备份/dexbot_ros2_ws（6月8日-上午）/src/dexbot_middle_layer/CutTofo/.project-log
cucumber	cucumber/031__备份__dexbot_ros2_ws（六月11日中午）__src__dexbot_middle_layer__CutTofo	cucumber/备份/dexbot_ros2_ws（六月11日中午）/src/dexbot_middle_layer/CutTofo/.project-log	28a993f5466cd9eb6a6c4b5c134893678bc7df885cc6654f9c84ea39db288f7d	25	249567	1	cucumber/备份/dexbot_ros2_ws（六月11日中午）/src/dexbot_middle_layer/CutTofo/.project-log
cucumber	cucumber/032__备份__dexbot_ros2_ws（附件-14）__src__dexbot_middle_layer__CutTofo	cucumber/备份/dexbot_ros2_ws（附件-14）/src/dexbot_middle_layer/CutTofo/.project-log	e5dc0ae5a1603e3a506d25691015129528fb133465835e4f04d53572ca39d5d5	14	76684	1	cucumber/备份/dexbot_ros2_ws（附件-14）/src/dexbot_middle_layer/CutTofo/.project-log
cucumber	cucumber/033__备份__dexbot_ros2_ws（附件-15）__src__dexbot_middle_layer__CutTofo	cucumber/备份/dexbot_ros2_ws（附件-15）/src/dexbot_middle_layer/CutTofo/.project-log	b58258ae6fec1ef157cb71400c0cbe86a4f17760971be82acced1802b5addb75	14	89687	1	cucumber/备份/dexbot_ros2_ws（附件-15）/src/dexbot_middle_layer/CutTofo/.project-log
cucumber	cucumber/034__备份__dexbot_ros2_ws（附件16）__src__dexbot_middle_layer__CutTofo	cucumber/备份/dexbot_ros2_ws（附件16）/src/dexbot_middle_layer/CutTofo/.project-log	a18e93184a534538d39f5ad0b13b2865cf9dcdc4eb294d48bba5754f5b35a551	14	94577	2	cucumber/备份/dexbot_ros2_ws（附件16-没问题版本）/src/dexbot_middle_layer/CutTofo/.project-log | cucumber/备份/dexbot_ros2_ws（附件16）/src/dexbot_middle_layer/CutTofo/.project-log
data_collect	data_collect/001__root	data_collect/.project-log	b818d2a9352cc470688b11657406eb5285623b7f10c2864bd9370c2091a99c06	41	224742	1	data_collect/.project-log
data_collect	data_collect/002__software	data_collect/software/.project-log	8c4c80c1a09567089cbe4cdd16277755467b12192010128fe782797c63e31682	30	647203	1	data_collect/software/.project-log
gr00t-finetune	gr00t-finetune/001__root	gr00t-finetune/.project-log	40346f92e08bd339a7d4df2dde4beed575ed79bda42b3c407adac09a1539efd1	76	11751228	1	gr00t-finetune/.project-log
gr00t-finetune	gr00t-finetune/002__gr00t_n1	gr00t-finetune/gr00t_n1/.project-log	18da0e840ae14707e290e333ed8e4fa09dec459699bee63527d62ffc14f0b433	0	0	1	gr00t-finetune/gr00t_n1/.project-log
lerobot_v1.0	lerobot_v1.0/001__root	lerobot_v1.0/.project-log	f6392a94273e539c61bbceb2a80508c2868703dc365d6c3f271a9b3f5698214d	62	111200	1	lerobot_v1.0/.project-log
tofu	tofu/001__dexbot_ros2_ws	tofu/dexbot_ros2_ws/.project-log	7bf29dcca36ccf576ed52d4f0ec52d8c925de2422f8540b6c3e7441c6b8ef466	6	6614	4	cucumber/备份/dexbot_ros2_ws1（附件4）/.project-log | tofu/dexbot_ros2_ws/.project-log | tofu/dexbot_ros2_ws备份/dexbot_ros2_ws（6月11日上午）/.project-log | tofu/dexbot_ros2_ws备份/dexbot_ros2_ws（附件32-准备重构框架）/.project-log
tofu	tofu/002__dexbot_ros2_ws__src__cuttofo_calibration	tofu/dexbot_ros2_ws/src/cuttofo_calibration/.project-log	a669ea88db660e1aac97d6809a3b3607d61f276cf13215915b0a8d0b65cd7738	4	37637	3	tofu/dexbot_ros2_ws/src/cuttofo_calibration/.project-log | tofu/dexbot_ros2_ws备份/dexbot_ros2_ws（6月11日上午）/src/cuttofo_calibration/.project-log | tofu/dexbot_ros2_ws备份/dexbot_ros2_ws（附件33-垃圾版本）/src/cuttofo_calibration/.project-log
tofu	tofu/003__dexbot_ros2_ws__src__cuttofo_lbot	tofu/dexbot_ros2_ws/src/cuttofo_lbot/.project-log	5ca645ee08e1d6b006d3a21cae6190965c2f55b925f5dd322576add6c20d7a5e	6	180953	2	tofu/dexbot_ros2_ws/src/cuttofo_lbot/.project-log | tofu/dexbot_ros2_ws备份/dexbot_ros2_ws（6月11日上午）/src/cuttofo_lbot/.project-log
tofu	tofu/004__dexbot_ros2_ws__src__cuttofo_xcore	tofu/dexbot_ros2_ws/src/cuttofo_xcore/.project-log	336c725628309e886bf02ea7280fb3c7e8618710e975ce3e593b7cd5880bf5b8	29	593367	2	tofu/dexbot_ros2_ws/src/cuttofo_xcore/.project-log | tofu/dexbot_ros2_ws备份/dexbot_ros2_ws（6月11日上午）/src/cuttofo_xcore/.project-log
tofu	tofu/005__dexbot_ros2_ws__src__gui	tofu/dexbot_ros2_ws/src/gui/.project-log	56bc30b2c2eabd28f3f46435c4b356ed5ca5631778dbd0c6600f36bdbb23b3af	24	126763	12	cucumber/dexbot_ros2_ws（复件）/src/gui/.project-log | cucumber/备份/dexbot_ros2_ws(6号修改)/src/gui/.project-log | cucumber/备份/dexbot_ros2_ws(附件16)/src/gui/.project-log | cucumber/备份/dexbot_ros2_ws（6月7日上午）/src/gui/.project-log | cucumber/备份/dexbot_ros2_ws（6月8日-上午）/src/gui/.project-log | cucumber/备份/dexbot_ros2_ws（六月11日中午）/src/gui/.project-log | cucumber/备份/dexbot_ros2_ws（附件-14）/src/gui/.project-log | cucumber/备份/dexbot_ros2_ws（附件-15）/src/gui/.project-log | cucumber/备份/dexbot_ros2_ws（附件16-没问题版本）/src/gui/.project-log | cucumber/备份/dexbot_ros2_ws（附件16）/src/gui/.project-log | tofu/dexbot_ros2_ws/src/gui/.project-log | tofu/dexbot_ros2_ws备份/dexbot_ros2_ws（6月11日上午）/src/gui/.project-log
tofu	tofu/006__dexbot_ros2_ws__src__gui_backup__gui	tofu/dexbot_ros2_ws/src/gui_backup/gui/.project-log	02148a85b55f68b55f9a8d988d40110a7e63270b4103fa87fc06c81ae40d5394	3	39754	2	tofu/dexbot_ros2_ws/src/gui_backup/gui/.project-log | tofu/dexbot_ros2_ws备份/dexbot_ros2_ws（6月11日上午）/src/gui_backup/gui/.project-log
tofu	tofu/007__dexbot_ros2_ws__src__gui_backup__gui2	tofu/dexbot_ros2_ws/src/gui_backup/gui2/.project-log	976abbb3ceea161f43605bb8934d05c924f2b36db5f1a2c943371fe06dbbbda4	3	60143	2	tofu/dexbot_ros2_ws/src/gui_backup/gui2/.project-log | tofu/dexbot_ros2_ws备份/dexbot_ros2_ws（6月11日上午）/src/gui_backup/gui2/.project-log
tofu	tofu/008__dexbot_ros2_ws备份__dexbot_ros2_ws11（竖着切有点小问题）__src__cuttofo_xcore	tofu/dexbot_ros2_ws备份/dexbot_ros2_ws11（竖着切有点小问题）/src/cuttofo_xcore/.project-log	fa4924f9f8fb197df73d662d38180c54f6a5385e65e1e51798c52e08aeb597ec	9	318825	2	tofu/dexbot_ros2_ws备份/dexbot_ros2_ws11（竖着切有点小问题）/src/cuttofo_xcore/.project-log | tofu/dexbot_ros2_ws备份/dexbot_ros2_ws（复件10-准备加入box提示逻辑）/src/cuttofo_xcore/.project-log
tofu	tofu/009__dexbot_ros2_ws备份__dexbot_ros2_ws11（竖着切有点小问题）__src__gui	tofu/dexbot_ros2_ws备份/dexbot_ros2_ws11（竖着切有点小问题）/src/gui/.project-log	393fbc0de9c49328820317087bcda390d9b9c23a25c4d16f950409aedbf8b6e4	3	70352	13	tofu/dexbot_ros2_ws备份/dexbot_ros2_ws11（竖着切有点小问题）/src/gui/.project-log | tofu/dexbot_ros2_ws备份/dexbot_ros2_ws（复件10-准备加入box提示逻辑）/src/gui/.project-log | tofu/dexbot_ros2_ws备份/dexbot_ros2_ws（复件12-切换右臂之后，还没调试好）/src/gui/.project-log | tofu/dexbot_ros2_ws备份/dexbot_ros2_ws（复件13-修复了一些阶段7的下切BUG）/src/gui/.project-log | tofu/dexbot_ros2_ws备份/dexbot_ros2_ws（复件14-目前暂时没问题的版本）/src/gui/.project-log | tofu/dexbot_ros2_ws备份/dexbot_ros2_ws（复件3-15号初始）/src/gui/.project-log | tofu/dexbot_ros2_ws备份/dexbot_ros2_ws（复件4）/src/gui/.project-log | tofu/dexbot_ros2_ws备份/dexbot_ros2_ws（复件5）/src/gui/.project-log | tofu/dexbot_ros2_ws备份/dexbot_ros2_ws（复件6）/src/gui/.project-log | tofu/dexbot_ros2_ws备份/dexbot_ros2_ws（复件7）/src/gui/.project-log | tofu/dexbot_ros2_ws备份/dexbot_ros2_ws（复件8中间，旋转不行）/src/gui/.project-log | tofu/dexbot_ros2_ws备份/dexbot_ros2_ws（复件9,phase1-5没问题）/src/gui/.project-log | tofu/dexbot_ros2_ws备份/dexbot_ros2_ws（附件15-准备集成抓刀逻辑）/src/gui/.project-log
tofu	tofu/010__dexbot_ros2_ws备份__dexbot_ros2_ws（备份16-还没有集成抓刀逻辑，做了一下phase·跳转的优化）__src__cuttofo_xcore	tofu/dexbot_ros2_ws备份/dexbot_ros2_ws（备份16-还没有集成抓刀逻辑，做了一下phase·跳转的优化）/src/cuttofo_xcore/.project-log	593760861dab846d571d6c11b693fa22e4594ed627a1ff285a757706a7737264	24	420359	1	tofu/dexbot_ros2_ws备份/dexbot_ros2_ws（备份16-还没有集成抓刀逻辑，做了一下phase·跳转的优化）/src/cuttofo_xcore/.project-log
tofu	tofu/011__dexbot_ros2_ws备份__dexbot_ros2_ws（复件12-切换右臂之后，还没调试好）__src__cuttofo_xcore	tofu/dexbot_ros2_ws备份/dexbot_ros2_ws（复件12-切换右臂之后，还没调试好）/src/cuttofo_xcore/.project-log	1610d6538b6e342e357f65ad572fa0deb051ef00148b090abc01ce3408a8f741	9	317885	1	tofu/dexbot_ros2_ws备份/dexbot_ros2_ws（复件12-切换右臂之后，还没调试好）/src/cuttofo_xcore/.project-log
tofu	tofu/012__dexbot_ros2_ws备份__dexbot_ros2_ws（复件14-目前暂时没问题的版本）__src__cuttofo_xcore	tofu/dexbot_ros2_ws备份/dexbot_ros2_ws（复件14-目前暂时没问题的版本）/src/cuttofo_xcore/.project-log	9f75d460fa0e4aa06b12063a5d3a941526e0c3846d86c25f4db8fa236882951f	9	319460	2	tofu/dexbot_ros2_ws备份/dexbot_ros2_ws（复件13-修复了一些阶段7的下切BUG）/src/cuttofo_xcore/.project-log | tofu/dexbot_ros2_ws备份/dexbot_ros2_ws（复件14-目前暂时没问题的版本）/src/cuttofo_xcore/.project-log
tofu	tofu/013__dexbot_ros2_ws备份__dexbot_ros2_ws（复件17-重新标定相机之后的版本）__src__cuttofo_xcore	tofu/dexbot_ros2_ws备份/dexbot_ros2_ws（复件17-重新标定相机之后的版本）/src/cuttofo_xcore/.project-log	e9a3ba0acb401f901d6ffc92f9b7293715392dba4b1163836466224f80899d0c	24	423889	2	tofu/dexbot_ros2_ws备份/dexbot_ros2_ws（复件17-重新标定相机之后的版本）/src/cuttofo_xcore/.project-log | tofu/dexbot_ros2_ws备份/dexbot_ros2_ws（附件16-阶段3有BUG会抽搐的版本）/src/cuttofo_xcore/.project-log
tofu	tofu/014__dexbot_ros2_ws备份__dexbot_ros2_ws（复件2）__src__cuttofo_xcore	tofu/dexbot_ros2_ws备份/dexbot_ros2_ws（复件2）/src/cuttofo_xcore/.project-log	8ec28fe3fca8f05389a231a8fcf083769f6ede444bf6e37b79da643abeaf58ab	7	221072	1	tofu/dexbot_ros2_ws备份/dexbot_ros2_ws（复件2）/src/cuttofo_xcore/.project-log
tofu	tofu/015__dexbot_ros2_ws备份__dexbot_ros2_ws（复件2）__src__gui	tofu/dexbot_ros2_ws备份/dexbot_ros2_ws（复件2）/src/gui/.project-log	20e12dfa0098d461382afe150ac5689e14fb2d474b868acab1aa99bb292eee00	3	69286	1	tofu/dexbot_ros2_ws备份/dexbot_ros2_ws（复件2）/src/gui/.project-log
tofu	tofu/016__dexbot_ros2_ws备份__dexbot_ros2_ws（复件3-15号初始）__src__cuttofo_xcore	tofu/dexbot_ros2_ws备份/dexbot_ros2_ws（复件3-15号初始）/src/cuttofo_xcore/.project-log	ada7aacb1f82d7c01aebb3a5f591c61dfd623b3811df2f3ab766807a5ff63703	7	226564	1	tofu/dexbot_ros2_ws备份/dexbot_ros2_ws（复件3-15号初始）/src/cuttofo_xcore/.project-log
tofu	tofu/017__dexbot_ros2_ws备份__dexbot_ros2_ws（复件4）__src__cuttofo_xcore	tofu/dexbot_ros2_ws备份/dexbot_ros2_ws（复件4）/src/cuttofo_xcore/.project-log	09cc143eebe3347513ea67fd056389a754c9f0206272995d28b19b2a035f56b8	7	246438	1	tofu/dexbot_ros2_ws备份/dexbot_ros2_ws（复件4）/src/cuttofo_xcore/.project-log
tofu	tofu/018__dexbot_ros2_ws备份__dexbot_ros2_ws（复件5）__src__cuttofo_xcore	tofu/dexbot_ros2_ws备份/dexbot_ros2_ws（复件5）/src/cuttofo_xcore/.project-log	cab5a41d48f5dd29fb750c3d6d828ca8594addb523c1596e1d5b4343162b5c70	7	247681	1	tofu/dexbot_ros2_ws备份/dexbot_ros2_ws（复件5）/src/cuttofo_xcore/.project-log
tofu	tofu/019__dexbot_ros2_ws备份__dexbot_ros2_ws（复件6）__src__cuttofo_xcore	tofu/dexbot_ros2_ws备份/dexbot_ros2_ws（复件6）/src/cuttofo_xcore/.project-log	4e53c74e24f6ea1fc0dd918b1dabd39f196783d410eeaf7ccf335d102f0d07e2	7	249026	1	tofu/dexbot_ros2_ws备份/dexbot_ros2_ws（复件6）/src/cuttofo_xcore/.project-log
tofu	tofu/020__dexbot_ros2_ws备份__dexbot_ros2_ws（复件7）__src__cuttofo_xcore	tofu/dexbot_ros2_ws备份/dexbot_ros2_ws（复件7）/src/cuttofo_xcore/.project-log	6f6ed7c999b19e85d34e3e1d6fa1081450360c691664c44c35706cd4be9fbb13	7	265102	1	tofu/dexbot_ros2_ws备份/dexbot_ros2_ws（复件7）/src/cuttofo_xcore/.project-log
tofu	tofu/021__dexbot_ros2_ws备份__dexbot_ros2_ws（复件8中间，旋转不行）__src__cuttofo_xcore	tofu/dexbot_ros2_ws备份/dexbot_ros2_ws（复件8中间，旋转不行）/src/cuttofo_xcore/.project-log	df6b09c0fe82c7c2b2bf78529a68696caf1e0f5ff17aeb697b7a89bc0f2cd59e	7	271332	1	tofu/dexbot_ros2_ws备份/dexbot_ros2_ws（复件8中间，旋转不行）/src/cuttofo_xcore/.project-log
tofu	tofu/022__dexbot_ros2_ws备份__dexbot_ros2_ws（复件9,phase1-5没问题）__src__cuttofo_xcore	tofu/dexbot_ros2_ws备份/dexbot_ros2_ws（复件9,phase1-5没问题）/src/cuttofo_xcore/.project-log	91765090979ccc4be67a3671f41d4bbcc9b390382cd0323ba7d3a3285390e80a	7	284314	1	tofu/dexbot_ros2_ws备份/dexbot_ros2_ws（复件9,phase1-5没问题）/src/cuttofo_xcore/.project-log
tofu	tofu/023__dexbot_ros2_ws备份__dexbot_ros2_ws（附件15-准备集成抓刀逻辑）__src__cuttofo_xcore	tofu/dexbot_ros2_ws备份/dexbot_ros2_ws（附件15-准备集成抓刀逻辑）/src/cuttofo_xcore/.project-log	50bf8100a6912eafbc6d16db7e7e336dbc1fc54d0c0ed3b6e0da13ddd7b3628d	24	410445	1	tofu/dexbot_ros2_ws备份/dexbot_ros2_ws（附件15-准备集成抓刀逻辑）/src/cuttofo_xcore/.project-log
tofu	tofu/024__dexbot_ros2_ws备份__dexbot_ros2_ws（附件17-开始集成抓刀的逻辑）__src__cuttofo_xcore	tofu/dexbot_ros2_ws备份/dexbot_ros2_ws（附件17-开始集成抓刀的逻辑）/src/cuttofo_xcore/.project-log	a650b3ea36f7f443b4d2e7494794eeaeab10b53bb3eb887276bcd1e2f125cdef	25	434656	1	tofu/dexbot_ros2_ws备份/dexbot_ros2_ws（附件17-开始集成抓刀的逻辑）/src/cuttofo_xcore/.project-log
tofu	tofu/025__dexbot_ros2_ws备份__dexbot_ros2_ws（附件18-初步测试可以抓刀，需要修改一下抓刀参数然后测试能不能全流程）__src__cuttofo_xcore	tofu/dexbot_ros2_ws备份/dexbot_ros2_ws（附件18-初步测试可以抓刀，需要修改一下抓刀参数然后测试能不能全流程）/src/cuttofo_xcore/.project-log	7148644abdd5fa342a7d9a2883710ad3c13fee3ca562dc525e747215593b26d9	28	491787	1	tofu/dexbot_ros2_ws备份/dexbot_ros2_ws（附件18-初步测试可以抓刀，需要修改一下抓刀参数然后测试能不能全流程）/src/cuttofo_xcore/.project-log
tofu	tofu/026__dexbot_ros2_ws备份__dexbot_ros2_ws（附件19-全流程能串但是拔刀之后切豆腐会抽搐）__src__cuttofo_xcore	tofu/dexbot_ros2_ws备份/dexbot_ros2_ws（附件19-全流程能串但是拔刀之后切豆腐会抽搐）/src/cuttofo_xcore/.project-log	167ce22320f673a965586f1fa777a9de7dcdbeef8bb9e5119a52e0a475629cad	28	508578	1	tofu/dexbot_ros2_ws备份/dexbot_ros2_ws（附件19-全流程能串但是拔刀之后切豆腐会抽搐）/src/cuttofo_xcore/.project-log
tofu	tofu/027__dexbot_ros2_ws备份__dexbot_ros2_ws（附件20）__src__cuttofo_xcore	tofu/dexbot_ros2_ws备份/dexbot_ros2_ws（附件20）/src/cuttofo_xcore/.project-log	7b7d5b2a1f15a2a6b87f5ad41dfc7b1d96e1187316381478c41a3a4b2de37fab	28	512065	3	tofu/dexbot_ros2_ws备份/dexbot_ros2_ws(附件22-20号上午调试的稳定版本)/src/cuttofo_xcore/.project-log | tofu/dexbot_ros2_ws备份/dexbot_ros2_ws（附件20）/src/cuttofo_xcore/.project-log | tofu/dexbot_ros2_ws备份/dexbot_ros2_ws（附件21-全流程参数最优版）/src/cuttofo_xcore/.project-log
tofu	tofu/028__dexbot_ros2_ws备份__dexbot_ros2_ws（附件25-视觉优化第一版本）__src__cuttofo_xcore	tofu/dexbot_ros2_ws备份/dexbot_ros2_ws（附件25-视觉优化第一版本）/src/cuttofo_xcore/.project-log	dd973d178f27c019746229668dfe97f70f8f566cd7b2ba1e828087e4fa6740cc	29	561435	1	tofu/dexbot_ros2_ws备份/dexbot_ros2_ws（附件25-视觉优化第一版本）/src/cuttofo_xcore/.project-log
tofu	tofu/029__dexbot_ros2_ws备份__dexbot_ros2_ws（附件26-继续优化）__src__cuttofo_xcore	tofu/dexbot_ros2_ws备份/dexbot_ros2_ws（附件26-继续优化）/src/cuttofo_xcore/.project-log	d32ea31c67d77111479667e912c769108b505ff3af6fe3cdd30eb6205b4c42b2	29	576282	1	tofu/dexbot_ros2_ws备份/dexbot_ros2_ws（附件26-继续优化）/src/cuttofo_xcore/.project-log
tofu	tofu/030__dexbot_ros2_ws备份__dexbot_ros2_ws（附件27-视觉优化版本2）__src__cuttofo_xcore	tofu/dexbot_ros2_ws备份/dexbot_ros2_ws（附件27-视觉优化版本2）/src/cuttofo_xcore/.project-log	1ceba3ff79ae03a85c21057c68222fa7795b4ac00827babf490ce5750d35ab1e	29	586014	1	tofu/dexbot_ros2_ws备份/dexbot_ros2_ws（附件27-视觉优化版本2）/src/cuttofo_xcore/.project-log
tofu	tofu/031__dexbot_ros2_ws备份__dexbot_ros2_ws（附件28-准备优化阶段7的切割逻辑）__src__cuttofo_xcore	tofu/dexbot_ros2_ws备份/dexbot_ros2_ws（附件28-准备优化阶段7的切割逻辑）/src/cuttofo_xcore/.project-log	27ea46b9b71498b8d177c63c3d9373a1a3f1b54d2945562a7e92fea354ce1448	29	588836	1	tofu/dexbot_ros2_ws备份/dexbot_ros2_ws（附件28-准备优化阶段7的切割逻辑）/src/cuttofo_xcore/.project-log
tofu	tofu/032__dexbot_ros2_ws备份__dexbot_ros2_ws（附件29-23号最终版本）__src__cuttofo_xcore	tofu/dexbot_ros2_ws备份/dexbot_ros2_ws（附件29-23号最终版本）/src/cuttofo_xcore/.project-log	a8069b412e469b7c67e4093fe55f7742212317449b020f9f20013685ebc7c1b4	29	594245	1	tofu/dexbot_ros2_ws备份/dexbot_ros2_ws（附件29-23号最终版本）/src/cuttofo_xcore/.project-log
tofu	tofu/033__dexbot_ros2_ws备份__dexbot_ros2_ws（附件33-垃圾版本）	tofu/dexbot_ros2_ws备份/dexbot_ros2_ws（附件33-垃圾版本）/.project-log	9456ba1f711d7ab67ee53642ebc7c14ac1aebf87d801c4666e4a45f55fdf7b39	14	46148	1	tofu/dexbot_ros2_ws备份/dexbot_ros2_ws（附件33-垃圾版本）/.project-log
tofu	tofu/034__dexbot_ros2_ws备份__dexbot_ros2_ws（附件33-垃圾版本）__src__cuttofo_xcore	tofu/dexbot_ros2_ws备份/dexbot_ros2_ws（附件33-垃圾版本）/src/cuttofo_xcore/.project-log	79a74fa0938a71b5da1c1e719ba92046af9b35c9be64e92ed86bfd57c5077634	29	593327	1	tofu/dexbot_ros2_ws备份/dexbot_ros2_ws（附件33-垃圾版本）/src/cuttofo_xcore/.project-log
tofu	tofu/035__dexbot_ros2_ws备份__dexbot_ros2_ws（附件33-垃圾版本）__src__gui	tofu/dexbot_ros2_ws备份/dexbot_ros2_ws（附件33-垃圾版本）/src/gui/.project-log	ee39d399d03594575d5f62b2699bf1e663eb5ab95f057d635ab8df9bffb6ac4c	24	126748	1	tofu/dexbot_ros2_ws备份/dexbot_ros2_ws（附件33-垃圾版本）/src/gui/.project-log
vibe-coding	vibe-coding/001__root	vibe-coding/.project-log	5cabeccc0c8abd6cd5dfc7b5c1e6732f01daced19cdfdc68687c1dccf41416a7	62	107150	1	vibe-coding/.project-log
worktrees	worktrees/001__ShangHai_718__silver-heath__ShangHai_718	worktrees/ShangHai_718/silver-heath/ShangHai_718/.project-log	fca363544c97c5a5b2b4f052c7e79727820d1590ad8f0bccc655ecb353b8aaa9	24	24747	1	worktrees/ShangHai_718/silver-heath/ShangHai_718/.project-log
人物画像	人物画像/001__root	人物画像/.project-log	7a5e43051afc55df56b2930b98e64ca4f113306f63e166f3c9bb8c687ab1441a	12	21564	1	人物画像/.project-log
切黄瓜项目跟踪	切黄瓜项目跟踪/001__dexbot_ros2_ws（另一个复件）__src__cuttofo_xcore	切黄瓜项目跟踪/dexbot_ros2_ws（另一个复件）/src/cuttofo_xcore/.project-log	69cb36931cc65e47c39a3271037f6c4e9a1a75291c311572f143761bedf49b00	28	539353	1	切黄瓜项目跟踪/dexbot_ros2_ws（另一个复件）/src/cuttofo_xcore/.project-log
切黄瓜项目跟踪	切黄瓜项目跟踪/002__dexbot_ros2_ws（复件）	切黄瓜项目跟踪/dexbot_ros2_ws（复件）/.project-log	3da3493b5e499985fb2f533026412d79ccf6aafb6561b232307999d0285b467b	0	0	12	tofu/dexbot_ros2_ws备份/dexbot_ros2_ws(附件24-23号上午测试参数没问题版本)/.project-log | tofu/dexbot_ros2_ws备份/dexbot_ros2_ws（附件23-拔刀修好了，但是阶段2还是不会动有BUG）/.project-log | tofu/dexbot_ros2_ws备份/dexbot_ros2_ws（附件25-视觉优化第一版本）/.project-log | tofu/dexbot_ros2_ws备份/dexbot_ros2_ws（附件26-继续优化）/.project-log | tofu/dexbot_ros2_ws备份/dexbot_ros2_ws（附件27-视觉优化版本2）/.project-log | tofu/dexbot_ros2_ws备份/dexbot_ros2_ws（附件28-准备优化阶段7的切割逻辑）/.project-log | tofu/dexbot_ros2_ws备份/dexbot_ros2_ws（附件29-23号最终版本）/.project-log | tofu/dexbot_ros2_ws备份/dexbot_ros2_ws（附件30-开始优化过渡阶段逻辑）/.project-log | tofu/dexbot_ros2_ws备份/dexbot_ros2_ws（附件31-24号最终没问题版本）/.project-log | 切黄瓜项目跟踪/dexbot_ros2_ws（另一个复件）/.project-log | 切黄瓜项目跟踪/dexbot_ros2_ws（复件）/.project-log | 切黄瓜项目跟踪/dexbot_ros2_ws（第 3 个复件）/.project-log
切黄瓜项目跟踪	切黄瓜项目跟踪/003__dexbot_ros2_ws（复件）__src__cuttofo_calibration	切黄瓜项目跟踪/dexbot_ros2_ws（复件）/src/cuttofo_calibration/.project-log	c5c80703340dc21470c88351ade03de57ea4f268c0b87a592fb8d666e239b8e0	3	24593	25	tofu/dexbot_ros2_ws备份/dexbot_ros2_ws(附件22-20号上午调试的稳定版本)/src/cuttofo_calibration/.project-log | tofu/dexbot_ros2_ws备份/dexbot_ros2_ws11（竖着切有点小问题）/src/cuttofo_calibration/.project-log | tofu/dexbot_ros2_ws备份/dexbot_ros2_ws（备份16-还没有集成抓刀逻辑，做了一下phase·跳转的优化）/src/cuttofo_calibration/.project-log | tofu/dexbot_ros2_ws备份/dexbot_ros2_ws（复件10-准备加入box提示逻辑）/src/cuttofo_calibration/.project-log | tofu/dexbot_ros2_ws备份/dexbot_ros2_ws（复件12-切换右臂之后，还没调试好）/src/cuttofo_calibration/.project-log | tofu/dexbot_ros2_ws备份/dexbot_ros2_ws（复件13-修复了一些阶段7的下切BUG）/src/cuttofo_calibration/.project-log | tofu/dexbot_ros2_ws备份/dexbot_ros2_ws（复件14-目前暂时没问题的版本）/src/cuttofo_calibration/.project-log | tofu/dexbot_ros2_ws备份/dexbot_ros2_ws（复件17-重新标定相机之后的版本）/src/cuttofo_calibration/.project-log | tofu/dexbot_ros2_ws备份/dexbot_ros2_ws（复件2）/src/cuttofo_calibration/.project-log | tofu/dexbot_ros2_ws备份/dexbot_ros2_ws（复件3-15号初始）/src/cuttofo_calibration/.project-log | tofu/dexbot_ros2_ws备份/dexbot_ros2_ws（复件4）/src/cuttofo_calibration/.project-log | tofu/dexbot_ros2_ws备份/dexbot_ros2_ws（复件5）/src/cuttofo_calibration/.project-log | tofu/dexbot_ros2_ws备份/dexbot_ros2_ws（复件6）/src/cuttofo_calibration/.project-log | tofu/dexbot_ros2_ws备份/dexbot_ros2_ws（复件7）/src/cuttofo_calibration/.project-log | tofu/dexbot_ros2_ws备份/dexbot_ros2_ws（复件8中间，旋转不行）/src/cuttofo_calibration/.project-log | tofu/dexbot_ros2_ws备份/dexbot_ros2_ws（复件9,phase1-5没问题）/src/cuttofo_calibration/.project-log | tofu/dexbot_ros2_ws备份/dexbot_ros2_ws（附件15-准备集成抓刀逻辑）/src/cuttofo_calibration/.project-log | tofu/dexbot_ros2_ws备份/dexbot_ros2_ws（附件16-阶段3有BUG会抽搐的版本）/src/cuttofo_calibration/.project-log | tofu/dexbot_ros2_ws备份/dexbot_ros2_ws（附件17-开始集成抓刀的逻辑）/src/cuttofo_calibration/.project-log | tofu/dexbot_ros2_ws备份/dexbot_ros2_ws（附件18-初步测试可以抓刀，需要修改一下抓刀参数然后测试能不能全流程）/src/cuttofo_calibration/.project-log | tofu/dexbot_ros2_ws备份/dexbot_ros2_ws（附件19-全流程能串但是拔刀之后切豆腐会抽搐）/src/cuttofo_calibration/.project-log | tofu/dexbot_ros2_ws备份/dexbot_ros2_ws（附件20）/src/cuttofo_calibration/.project-log | tofu/dexbot_ros2_ws备份/dexbot_ros2_ws（附件21-全流程参数最优版）/src/cuttofo_calibration/.project-log | 切黄瓜项目跟踪/dexbot_ros2_ws（另一个复件）/src/cuttofo_calibration/.project-log | 切黄瓜项目跟踪/dexbot_ros2_ws（复件）/src/cuttofo_calibration/.project-log
切黄瓜项目跟踪	切黄瓜项目跟踪/004__dexbot_ros2_ws（复件）__src__cuttofo_lbot	切黄瓜项目跟踪/dexbot_ros2_ws（复件）/src/cuttofo_lbot/.project-log	798da3c2fbcfd903e028b32718b09d9cc239b105f49fef0f31753b2f96419fb1	6	180863	37	cucumber/备份/dexbot_ros2_ws1（附件4）/src/cuttofo_lbot/.project-log | tofu/dexbot_ros2_ws备份/dexbot_ros2_ws(附件22-20号上午调试的稳定版本)/src/cuttofo_lbot/.project-log | tofu/dexbot_ros2_ws备份/dexbot_ros2_ws(附件24-23号上午测试参数没问题版本)/src/cuttofo_lbot/.project-log | tofu/dexbot_ros2_ws备份/dexbot_ros2_ws11（竖着切有点小问题）/src/cuttofo_lbot/.project-log | tofu/dexbot_ros2_ws备份/dexbot_ros2_ws（备份16-还没有集成抓刀逻辑，做了一下phase·跳转的优化）/src/cuttofo_lbot/.project-log | tofu/dexbot_ros2_ws备份/dexbot_ros2_ws（复件10-准备加入box提示逻辑）/src/cuttofo_lbot/.project-log | tofu/dexbot_ros2_ws备份/dexbot_ros2_ws（复件12-切换右臂之后，还没调试好）/src/cuttofo_lbot/.project-log | tofu/dexbot_ros2_ws备份/dexbot_ros2_ws（复件13-修复了一些阶段7的下切BUG）/src/cuttofo_lbot/.project-log | tofu/dexbot_ros2_ws备份/dexbot_ros2_ws（复件14-目前暂时没问题的版本）/src/cuttofo_lbot/.project-log | tofu/dexbot_ros2_ws备份/dexbot_ros2_ws（复件17-重新标定相机之后的版本）/src/cuttofo_lbot/.project-log | tofu/dexbot_ros2_ws备份/dexbot_ros2_ws（复件2）/src/cuttofo_lbot/.project-log | tofu/dexbot_ros2_ws备份/dexbot_ros2_ws（复件3-15号初始）/src/cuttofo_lbot/.project-log | tofu/dexbot_ros2_ws备份/dexbot_ros2_ws（复件4）/src/cuttofo_lbot/.project-log | tofu/dexbot_ros2_ws备份/dexbot_ros2_ws（复件5）/src/cuttofo_lbot/.project-log | tofu/dexbot_ros2_ws备份/dexbot_ros2_ws（复件6）/src/cuttofo_lbot/.project-log | tofu/dexbot_ros2_ws备份/dexbot_ros2_ws（复件7）/src/cuttofo_lbot/.project-log | tofu/dexbot_ros2_ws备份/dexbot_ros2_ws（复件8中间，旋转不行）/src/cuttofo_lbot/.project-log | tofu/dexbot_ros2_ws备份/dexbot_ros2_ws（复件9,phase1-5没问题）/src/cuttofo_lbot/.project-log | tofu/dexbot_ros2_ws备份/dexbot_ros2_ws（附件15-准备集成抓刀逻辑）/src/cuttofo_lbot/.project-log | tofu/dexbot_ros2_ws备份/dexbot_ros2_ws（附件16-阶段3有BUG会抽搐的版本）/src/cuttofo_lbot/.project-log | tofu/dexbot_ros2_ws备份/dexbot_ros2_ws（附件17-开始集成抓刀的逻辑）/src/cuttofo_lbot/.project-log | tofu/dexbot_ros2_ws备份/dexbot_ros2_ws（附件18-初步测试可以抓刀，需要修改一下抓刀参数然后测试能不能全流程）/src/cuttofo_lbot/.project-log | tofu/dexbot_ros2_ws备份/dexbot_ros2_ws（附件19-全流程能串但是拔刀之后切豆腐会抽搐）/src/cuttofo_lbot/.project-log | tofu/dexbot_ros2_ws备份/dexbot_ros2_ws（附件20）/src/cuttofo_lbot/.project-log | tofu/dexbot_ros2_ws备份/dexbot_ros2_ws（附件21-全流程参数最优版）/src/cuttofo_lbot/.project-log | tofu/dexbot_ros2_ws备份/dexbot_ros2_ws（附件23-拔刀修好了，但是阶段2还是不会动有BUG）/src/cuttofo_lbot/.project-log | tofu/dexbot_ros2_ws备份/dexbot_ros2_ws（附件25-视觉优化第一版本）/src/cuttofo_lbot/.project-log | tofu/dexbot_ros2_ws备份/dexbot_ros2_ws（附件26-继续优化）/src/cuttofo_lbot/.project-log | tofu/dexbot_ros2_ws备份/dexbot_ros2_ws（附件27-视觉优化版本2）/src/cuttofo_lbot/.project-log | tofu/dexbot_ros2_ws备份/dexbot_ros2_ws（附件28-准备优化阶段7的切割逻辑）/src/cuttofo_lbot/.project-log | tofu/dexbot_ros2_ws备份/dexbot_ros2_ws（附件29-23号最终版本）/src/cuttofo_lbot/.project-log | tofu/dexbot_ros2_ws备份/dexbot_ros2_ws（附件30-开始优化过渡阶段逻辑）/src/cuttofo_lbot/.project-log | tofu/dexbot_ros2_ws备份/dexbot_ros2_ws（附件31-24号最终没问题版本）/src/cuttofo_lbot/.project-log | tofu/dexbot_ros2_ws备份/dexbot_ros2_ws（附件32-准备重构框架）/src/cuttofo_lbot/.project-log | 切黄瓜项目跟踪/dexbot_ros2_ws（另一个复件）/src/cuttofo_lbot/.project-log | 切黄瓜项目跟踪/dexbot_ros2_ws（复件）/src/cuttofo_lbot/.project-log | 切黄瓜项目跟踪/dexbot_ros2_ws（第 3 个复件）/src/cuttofo_lbot/.project-log
切黄瓜项目跟踪	切黄瓜项目跟踪/005__dexbot_ros2_ws（复件）__src__cuttofo_xcore	切黄瓜项目跟踪/dexbot_ros2_ws（复件）/src/cuttofo_xcore/.project-log	1d258a719eb99d5026d81e1e4369ba0a90d98705ae9b2a19121573a180766969	28	519115	1	切黄瓜项目跟踪/dexbot_ros2_ws（复件）/src/cuttofo_xcore/.project-log
切黄瓜项目跟踪	切黄瓜项目跟踪/006__dexbot_ros2_ws（复件）__src__gui	切黄瓜项目跟踪/dexbot_ros2_ws（复件）/src/gui/.project-log	14359f120b8730bf75e68255c5f529ddc703cce35b39b77142f1b87c06591b19	24	123800	22	cucumber/备份/dexbot_ros2_ws_525（原始版本）/dexbot_ros2_ws/src/gui/.project-log | tofu/dexbot_ros2_ws备份/dexbot_ros2_ws(附件22-20号上午调试的稳定版本)/src/gui/.project-log | tofu/dexbot_ros2_ws备份/dexbot_ros2_ws(附件24-23号上午测试参数没问题版本)/src/gui/.project-log | tofu/dexbot_ros2_ws备份/dexbot_ros2_ws（备份16-还没有集成抓刀逻辑，做了一下phase·跳转的优化）/src/gui/.project-log | tofu/dexbot_ros2_ws备份/dexbot_ros2_ws（复件17-重新标定相机之后的版本）/src/gui/.project-log | tofu/dexbot_ros2_ws备份/dexbot_ros2_ws（附件16-阶段3有BUG会抽搐的版本）/src/gui/.project-log | tofu/dexbot_ros2_ws备份/dexbot_ros2_ws（附件17-开始集成抓刀的逻辑）/src/gui/.project-log | tofu/dexbot_ros2_ws备份/dexbot_ros2_ws（附件18-初步测试可以抓刀，需要修改一下抓刀参数然后测试能不能全流程）/src/gui/.project-log | tofu/dexbot_ros2_ws备份/dexbot_ros2_ws（附件19-全流程能串但是拔刀之后切豆腐会抽搐）/src/gui/.project-log | tofu/dexbot_ros2_ws备份/dexbot_ros2_ws（附件20）/src/gui/.project-log | tofu/dexbot_ros2_ws备份/dexbot_ros2_ws（附件21-全流程参数最优版）/src/gui/.project-log | tofu/dexbot_ros2_ws备份/dexbot_ros2_ws（附件23-拔刀修好了，但是阶段2还是不会动有BUG）/src/gui/.project-log | tofu/dexbot_ros2_ws备份/dexbot_ros2_ws（附件25-视觉优化第一版本）/src/gui/.project-log | tofu/dexbot_ros2_ws备份/dexbot_ros2_ws（附件26-继续优化）/src/gui/.project-log | tofu/dexbot_ros2_ws备份/dexbot_ros2_ws（附件27-视觉优化版本2）/src/gui/.project-log | tofu/dexbot_ros2_ws备份/dexbot_ros2_ws（附件28-准备优化阶段7的切割逻辑）/src/gui/.project-log | tofu/dexbot_ros2_ws备份/dexbot_ros2_ws（附件29-23号最终版本）/src/gui/.project-log | tofu/dexbot_ros2_ws备份/dexbot_ros2_ws（附件30-开始优化过渡阶段逻辑）/src/gui/.project-log | tofu/dexbot_ros2_ws备份/dexbot_ros2_ws（附件31-24号最终没问题版本）/src/gui/.project-log | 切黄瓜项目跟踪/dexbot_ros2_ws（另一个复件）/src/gui/.project-log | 切黄瓜项目跟踪/dexbot_ros2_ws（复件）/src/gui/.project-log | 切黄瓜项目跟踪/dexbot_ros2_ws（第 3 个复件）/src/gui/.project-log
切黄瓜项目跟踪	切黄瓜项目跟踪/007__dexbot_ros2_ws（第 3 个复件）__src__cuttofo_xcore	切黄瓜项目跟踪/dexbot_ros2_ws（第 3 个复件）/src/cuttofo_xcore/.project-log	1c9807854dbb9925f315d362d4105b1d81f1d2f6f174d797d6f4e6d1339d320b	29	567998	1	切黄瓜项目跟踪/dexbot_ros2_ws（第 3 个复件）/src/cuttofo_xcore/.project-log
