group	source	destination	file_count	bytes
ShangHai_718	ShangHai_718/dex_app/.project-log	ShangHai_718/project-logs/dex_app/.project-log	25	108500
Transformer-Koopman	Transformer-Koopman/.project-log	Transformer-Koopman/.project-log	14	46398
boss_electrics	boss_electrics/.project-log	boss_electrics/.project-log	53	119676
cucumber	cucumber/dexbot_ros2_ws/src/cuttofo_xcore/.project-log	cucumber/project-logs/dexbot_ros2_ws/src/cuttofo_xcore/.project-log	38	583052
cucumber	cucumber/dexbot_ros2_ws/src/dexbot_bottom_layer/.project-log	cucumber/project-logs/dexbot_ros2_ws/src/dexbot_bottom_layer/.project-log	0	0
cucumber	cucumber/dexbot_ros2_ws/src/dexbot_middle_layer/CutTofo/.project-log	cucumber/project-logs/dexbot_ros2_ws/src/dexbot_middle_layer/CutTofo/.project-log	26	267094
cucumber	cucumber/dexbot_ros2_ws/src/dexbot_middle_layer/CutTofo/toolbox/cuttofo_calibration/.project-log	cucumber/project-logs/dexbot_ros2_ws/src/dexbot_middle_layer/CutTofo/toolbox/cuttofo_calibration/.project-log	4	37632
cucumber	cucumber/dexbot_ros2_ws/src/gui/.project-log	cucumber/project-logs/dexbot_ros2_ws/src/gui/.project-log	24	130926
cucumber	cucumber/dexbot_ros2_ws/src/gui_backup/gui/.project-log	cucumber/project-logs/dexbot_ros2_ws/src/gui_backup/gui/.project-log	3	38894
cucumber	cucumber/dexbot_ros2_ws/src/gui_backup/gui2/.project-log	cucumber/project-logs/dexbot_ros2_ws/src/gui_backup/gui2/.project-log	3	59283
cucumber	cucumber/dexbot_ros2_ws（另一个复件）/src/cuttofo_xcore/.project-log	cucumber/project-logs/dexbot_ros2_ws（另一个复件）/src/cuttofo_xcore/.project-log	38	583052
cucumber	cucumber/dexbot_ros2_ws（另一个复件）/src/dexbot_bottom_layer/.project-log	cucumber/project-logs/dexbot_ros2_ws（另一个复件）/src/dexbot_bottom_layer/.project-log	0	0
cucumber	cucumber/dexbot_ros2_ws（另一个复件）/src/dexbot_middle_layer/CutTofo/.project-log	cucumber/project-logs/dexbot_ros2_ws（另一个复件）/src/dexbot_middle_layer/CutTofo/.project-log	25	281987
cucumber	cucumber/dexbot_ros2_ws（另一个复件）/src/dexbot_middle_layer/CutTofo/toolbox/cuttofo_calibration/.project-log	cucumber/project-logs/dexbot_ros2_ws（另一个复件）/src/dexbot_middle_layer/CutTofo/toolbox/cuttofo_calibration/.project-log	4	37632
cucumber	cucumber/dexbot_ros2_ws（另一个复件）/src/gui/.project-log	cucumber/project-logs/dexbot_ros2_ws（另一个复件）/src/gui/.project-log	24	130926
cucumber	cucumber/dexbot_ros2_ws（另一个复件）/src/gui_backup/gui/.project-log	cucumber/project-logs/dexbot_ros2_ws（另一个复件）/src/gui_backup/gui/.project-log	3	38894
cucumber	cucumber/dexbot_ros2_ws（另一个复件）/src/gui_backup/gui2/.project-log	cucumber/project-logs/dexbot_ros2_ws（另一个复件）/src/gui_backup/gui2/.project-log	3	59283
cucumber	cucumber/dexbot_ros2_ws（复件）/src/cuttofo_xcore/.project-log	cucumber/project-logs/dexbot_ros2_ws（复件）/src/cuttofo_xcore/.project-log	38	583052
cucumber	cucumber/dexbot_ros2_ws（复件）/src/dexbot_middle_layer/CutTofo/.project-log	cucumber/project-logs/dexbot_ros2_ws（复件）/src/dexbot_middle_layer/CutTofo/.project-log	25	255002
cucumber	cucumber/dexbot_ros2_ws（复件）/src/dexbot_middle_layer/CutTofo/toolbox/cuttofo_calibration/.project-log	cucumber/project-logs/dexbot_ros2_ws（复件）/src/dexbot_middle_layer/CutTofo/toolbox/cuttofo_calibration/.project-log	4	37632
cucumber	cucumber/dexbot_ros2_ws（复件）/src/gui/.project-log	cucumber/project-logs/dexbot_ros2_ws（复件）/src/gui/.project-log	24	126763
cucumber	cucumber/dexbot_ros2_ws（复件）/src/gui_backup/gui/.project-log	cucumber/project-logs/dexbot_ros2_ws（复件）/src/gui_backup/gui/.project-log	3	38894
cucumber	cucumber/dexbot_ros2_ws（复件）/src/gui_backup/gui2/.project-log	cucumber/project-logs/dexbot_ros2_ws（复件）/src/gui_backup/gui2/.project-log	3	59283
cucumber	cucumber/dexbot_ros2_ws（第 3 个复件）/src/cuttofo_xcore/.project-log	cucumber/project-logs/dexbot_ros2_ws（第 3 个复件）/src/cuttofo_xcore/.project-log	38	583052
cucumber	cucumber/dexbot_ros2_ws（第 3 个复件）/src/dexbot_bottom_layer/.project-log	cucumber/project-logs/dexbot_ros2_ws（第 3 个复件）/src/dexbot_bottom_layer/.project-log	0	0
cucumber	cucumber/dexbot_ros2_ws（第 3 个复件）/src/dexbot_middle_layer/CutTofo/.project-log	cucumber/project-logs/dexbot_ros2_ws（第 3 个复件）/src/dexbot_middle_layer/CutTofo/.project-log	26	266109
cucumber	cucumber/dexbot_ros2_ws（第 3 个复件）/src/dexbot_middle_layer/CutTofo/toolbox/cuttofo_calibration/.project-log	cucumber/project-logs/dexbot_ros2_ws（第 3 个复件）/src/dexbot_middle_layer/CutTofo/toolbox/cuttofo_calibration/.project-log	4	37632
cucumber	cucumber/dexbot_ros2_ws（第 3 个复件）/src/gui/.project-log	cucumber/project-logs/dexbot_ros2_ws（第 3 个复件）/src/gui/.project-log	24	130926
cucumber	cucumber/dexbot_ros2_ws（第 3 个复件）/src/gui_backup/gui/.project-log	cucumber/project-logs/dexbot_ros2_ws（第 3 个复件）/src/gui_backup/gui/.project-log	3	38894
cucumber	cucumber/dexbot_ros2_ws（第 3 个复件）/src/gui_backup/gui2/.project-log	cucumber/project-logs/dexbot_ros2_ws（第 3 个复件）/src/gui_backup/gui2/.project-log	3	59283
cucumber	cucumber/备份/dexbot_ros2_ws(6号修改)/src/cuttofo_xcore/.project-log	cucumber/project-logs/备份/dexbot_ros2_ws(6号修改)/src/cuttofo_xcore/.project-log	29	580298
cucumber	cucumber/备份/dexbot_ros2_ws(6号修改)/src/dexbot_middle_layer/CutTofo/.project-log	cucumber/project-logs/备份/dexbot_ros2_ws(6号修改)/src/dexbot_middle_layer/CutTofo/.project-log	14	51562
cucumber	cucumber/备份/dexbot_ros2_ws(6号修改)/src/dexbot_middle_layer/CutTofo/toolbox/cuttofo_calibration/.project-log	cucumber/project-logs/备份/dexbot_ros2_ws(6号修改)/src/dexbot_middle_layer/CutTofo/toolbox/cuttofo_calibration/.project-log	4	37632
cucumber	cucumber/备份/dexbot_ros2_ws(6号修改)/src/gui/.project-log	cucumber/project-logs/备份/dexbot_ros2_ws(6号修改)/src/gui/.project-log	24	126763
cucumber	cucumber/备份/dexbot_ros2_ws(6号修改)/src/gui_backup/gui/.project-log	cucumber/project-logs/备份/dexbot_ros2_ws(6号修改)/src/gui_backup/gui/.project-log	3	38894
cucumber	cucumber/备份/dexbot_ros2_ws(6号修改)/src/gui_backup/gui2/.project-log	cucumber/project-logs/备份/dexbot_ros2_ws(6号修改)/src/gui_backup/gui2/.project-log	3	59283
cucumber	cucumber/备份/dexbot_ros2_ws(附件16)/src/cuttofo_xcore/.project-log	cucumber/project-logs/备份/dexbot_ros2_ws(附件16)/src/cuttofo_xcore/.project-log	38	583052
cucumber	cucumber/备份/dexbot_ros2_ws(附件16)/src/dexbot_middle_layer/CutTofo/.project-log	cucumber/project-logs/备份/dexbot_ros2_ws(附件16)/src/dexbot_middle_layer/CutTofo/.project-log	25	145857
cucumber	cucumber/备份/dexbot_ros2_ws(附件16)/src/dexbot_middle_layer/CutTofo/toolbox/cuttofo_calibration/.project-log	cucumber/project-logs/备份/dexbot_ros2_ws(附件16)/src/dexbot_middle_layer/CutTofo/toolbox/cuttofo_calibration/.project-log	4	37632
cucumber	cucumber/备份/dexbot_ros2_ws(附件16)/src/gui/.project-log	cucumber/project-logs/备份/dexbot_ros2_ws(附件16)/src/gui/.project-log	24	126763
cucumber	cucumber/备份/dexbot_ros2_ws(附件16)/src/gui_backup/gui/.project-log	cucumber/project-logs/备份/dexbot_ros2_ws(附件16)/src/gui_backup/gui/.project-log	3	38894
cucumber	cucumber/备份/dexbot_ros2_ws(附件16)/src/gui_backup/gui2/.project-log	cucumber/project-logs/备份/dexbot_ros2_ws(附件16)/src/gui_backup/gui2/.project-log	3	59283
cucumber	cucumber/备份/dexbot_ros2_ws1（附件4）/.project-log	cucumber/project-logs/备份/dexbot_ros2_ws1（附件4）/.project-log	6	6614
cucumber	cucumber/备份/dexbot_ros2_ws1（附件4）/src/cuttofo_calibration/.project-log	cucumber/project-logs/备份/dexbot_ros2_ws1（附件4）/src/cuttofo_calibration/.project-log	4	37632
cucumber	cucumber/备份/dexbot_ros2_ws1（附件4）/src/cuttofo_lbot/.project-log	cucumber/project-logs/备份/dexbot_ros2_ws1（附件4）/src/cuttofo_lbot/.project-log	6	180863
cucumber	cucumber/备份/dexbot_ros2_ws1（附件4）/src/cuttofo_xcore/.project-log	cucumber/project-logs/备份/dexbot_ros2_ws1（附件4）/src/cuttofo_xcore/.project-log	29	593222
cucumber	cucumber/备份/dexbot_ros2_ws1（附件4）/src/gui/.project-log	cucumber/project-logs/备份/dexbot_ros2_ws1（附件4）/src/gui/.project-log	24	125948
cucumber	cucumber/备份/dexbot_ros2_ws1（附件4）/src/gui_backup/gui/.project-log	cucumber/project-logs/备份/dexbot_ros2_ws1（附件4）/src/gui_backup/gui/.project-log	3	38894
cucumber	cucumber/备份/dexbot_ros2_ws1（附件4）/src/gui_backup/gui2/.project-log	cucumber/project-logs/备份/dexbot_ros2_ws1（附件4）/src/gui_backup/gui2/.project-log	3	59283
cucumber	cucumber/备份/dexbot_ros2_ws_525（原始版本）/dexbot_ros2_ws/src/cuttofo_xcore/.project-log	cucumber/project-logs/备份/dexbot_ros2_ws_525（原始版本）/dexbot_ros2_ws/src/cuttofo_xcore/.project-log	29	580298
cucumber	cucumber/备份/dexbot_ros2_ws_525（原始版本）/dexbot_ros2_ws/src/dexbot_middle_layer/CutTofo/toolbox/cuttofo_calibration/.project-log	cucumber/project-logs/备份/dexbot_ros2_ws_525（原始版本）/dexbot_ros2_ws/src/dexbot_middle_layer/CutTofo/toolbox/cuttofo_calibration/.project-log	4	37632
cucumber	cucumber/备份/dexbot_ros2_ws_525（原始版本）/dexbot_ros2_ws/src/gui/.project-log	cucumber/project-logs/备份/dexbot_ros2_ws_525（原始版本）/dexbot_ros2_ws/src/gui/.project-log	24	123800
cucumber	cucumber/备份/dexbot_ros2_ws_525（原始版本）/dexbot_ros2_ws/src/gui_backup/gui/.project-log	cucumber/project-logs/备份/dexbot_ros2_ws_525（原始版本）/dexbot_ros2_ws/src/gui_backup/gui/.project-log	3	38894
cucumber	cucumber/备份/dexbot_ros2_ws_525（原始版本）/dexbot_ros2_ws/src/gui_backup/gui2/.project-log	cucumber/project-logs/备份/dexbot_ros2_ws_525（原始版本）/dexbot_ros2_ws/src/gui_backup/gui2/.project-log	3	59283
cucumber	cucumber/备份/dexbot_ros2_ws_525（复件）/dexbot_ros2_ws/.project-log	cucumber/project-logs/备份/dexbot_ros2_ws_525（复件）/dexbot_ros2_ws/.project-log	16	64042
cucumber	cucumber/备份/dexbot_ros2_ws_525（复件）/dexbot_ros2_ws/src/cuttofo_xcore/.project-log	cucumber/project-logs/备份/dexbot_ros2_ws_525（复件）/dexbot_ros2_ws/src/cuttofo_xcore/.project-log	29	580298
cucumber	cucumber/备份/dexbot_ros2_ws_525（复件）/dexbot_ros2_ws/src/dexbot_middle_layer/CutTofo/toolbox/cuttofo_calibration/.project-log	cucumber/project-logs/备份/dexbot_ros2_ws_525（复件）/dexbot_ros2_ws/src/dexbot_middle_layer/CutTofo/toolbox/cuttofo_calibration/.project-log	4	37632
cucumber	cucumber/备份/dexbot_ros2_ws_525（复件）/dexbot_ros2_ws/src/gui/.project-log	cucumber/project-logs/备份/dexbot_ros2_ws_525（复件）/dexbot_ros2_ws/src/gui/.project-log	24	125948
cucumber	cucumber/备份/dexbot_ros2_ws_525（复件）/dexbot_ros2_ws/src/gui_backup/gui/.project-log	cucumber/project-logs/备份/dexbot_ros2_ws_525（复件）/dexbot_ros2_ws/src/gui_backup/gui/.project-log	3	38894
cucumber	cucumber/备份/dexbot_ros2_ws_525（复件）/dexbot_ros2_ws/src/gui_backup/gui2/.project-log	cucumber/project-logs/备份/dexbot_ros2_ws_525（复件）/dexbot_ros2_ws/src/gui_backup/gui2/.project-log	3	59283
cucumber	cucumber/备份/dexbot_ros2_ws_525（附件-13）/dexbot_ros2_ws/.project-log	cucumber/project-logs/备份/dexbot_ros2_ws_525（附件-13）/dexbot_ros2_ws/.project-log	17	99589
cucumber	cucumber/备份/dexbot_ros2_ws_525（附件-13）/dexbot_ros2_ws/src/cuttofo_xcore/.project-log	cucumber/project-logs/备份/dexbot_ros2_ws_525（附件-13）/dexbot_ros2_ws/src/cuttofo_xcore/.project-log	29	580298
cucumber	cucumber/备份/dexbot_ros2_ws_525（附件-13）/dexbot_ros2_ws/src/dexbot_middle_layer/CutTofo/toolbox/cuttofo_calibration/.project-log	cucumber/project-logs/备份/dexbot_ros2_ws_525（附件-13）/dexbot_ros2_ws/src/dexbot_middle_layer/CutTofo/toolbox/cuttofo_calibration/.project-log	4	37632
cucumber	cucumber/备份/dexbot_ros2_ws_525（附件-13）/dexbot_ros2_ws/src/gui/.project-log	cucumber/project-logs/备份/dexbot_ros2_ws_525（附件-13）/dexbot_ros2_ws/src/gui/.project-log	24	125948
cucumber	cucumber/备份/dexbot_ros2_ws_525（附件-13）/dexbot_ros2_ws/src/gui_backup/gui/.project-log	cucumber/project-logs/备份/dexbot_ros2_ws_525（附件-13）/dexbot_ros2_ws/src/gui_backup/gui/.project-log	3	38894
cucumber	cucumber/备份/dexbot_ros2_ws_525（附件-13）/dexbot_ros2_ws/src/gui_backup/gui2/.project-log	cucumber/project-logs/备份/dexbot_ros2_ws_525（附件-13）/dexbot_ros2_ws/src/gui_backup/gui2/.project-log	3	59283
cucumber	cucumber/备份/dexbot_ros2_ws_525（附件10-豆腐全流程正在推进）/dexbot_ros2_ws/.project-log	cucumber/project-logs/备份/dexbot_ros2_ws_525（附件10-豆腐全流程正在推进）/dexbot_ros2_ws/.project-log	17	96648
cucumber	cucumber/备份/dexbot_ros2_ws_525（附件10-豆腐全流程正在推进）/dexbot_ros2_ws/src/cuttofo_xcore/.project-log	cucumber/project-logs/备份/dexbot_ros2_ws_525（附件10-豆腐全流程正在推进）/dexbot_ros2_ws/src/cuttofo_xcore/.project-log	29	580298
cucumber	cucumber/备份/dexbot_ros2_ws_525（附件10-豆腐全流程正在推进）/dexbot_ros2_ws/src/dexbot_middle_layer/CutTofo/toolbox/cuttofo_calibration/.project-log	cucumber/project-logs/备份/dexbot_ros2_ws_525（附件10-豆腐全流程正在推进）/dexbot_ros2_ws/src/dexbot_middle_layer/CutTofo/toolbox/cuttofo_calibration/.project-log	4	37632
cucumber	cucumber/备份/dexbot_ros2_ws_525（附件10-豆腐全流程正在推进）/dexbot_ros2_ws/src/gui/.project-log	cucumber/project-logs/备份/dexbot_ros2_ws_525（附件10-豆腐全流程正在推进）/dexbot_ros2_ws/src/gui/.project-log	24	125948
cucumber	cucumber/备份/dexbot_ros2_ws_525（附件10-豆腐全流程正在推进）/dexbot_ros2_ws/src/gui_backup/gui/.project-log	cucumber/project-logs/备份/dexbot_ros2_ws_525（附件10-豆腐全流程正在推进）/dexbot_ros2_ws/src/gui_backup/gui/.project-log	3	38894
cucumber	cucumber/备份/dexbot_ros2_ws_525（附件10-豆腐全流程正在推进）/dexbot_ros2_ws/src/gui_backup/gui2/.project-log	cucumber/project-logs/备份/dexbot_ros2_ws_525（附件10-豆腐全流程正在推进）/dexbot_ros2_ws/src/gui_backup/gui2/.project-log	3	59283
cucumber	cucumber/备份/dexbot_ros2_ws_525（附件11-初步全流程）/dexbot_ros2_ws/.project-log	cucumber/project-logs/备份/dexbot_ros2_ws_525（附件11-初步全流程）/dexbot_ros2_ws/.project-log	17	96648
cucumber	cucumber/备份/dexbot_ros2_ws_525（附件11-初步全流程）/dexbot_ros2_ws/src/cuttofo_xcore/.project-log	cucumber/project-logs/备份/dexbot_ros2_ws_525（附件11-初步全流程）/dexbot_ros2_ws/src/cuttofo_xcore/.project-log	29	580298
cucumber	cucumber/备份/dexbot_ros2_ws_525（附件11-初步全流程）/dexbot_ros2_ws/src/dexbot_middle_layer/CutTofo/toolbox/cuttofo_calibration/.project-log	cucumber/project-logs/备份/dexbot_ros2_ws_525（附件11-初步全流程）/dexbot_ros2_ws/src/dexbot_middle_layer/CutTofo/toolbox/cuttofo_calibration/.project-log	4	37632
cucumber	cucumber/备份/dexbot_ros2_ws_525（附件11-初步全流程）/dexbot_ros2_ws/src/gui/.project-log	cucumber/project-logs/备份/dexbot_ros2_ws_525（附件11-初步全流程）/dexbot_ros2_ws/src/gui/.project-log	24	125948
cucumber	cucumber/备份/dexbot_ros2_ws_525（附件11-初步全流程）/dexbot_ros2_ws/src/gui_backup/gui/.project-log	cucumber/project-logs/备份/dexbot_ros2_ws_525（附件11-初步全流程）/dexbot_ros2_ws/src/gui_backup/gui/.project-log	3	38894
cucumber	cucumber/备份/dexbot_ros2_ws_525（附件11-初步全流程）/dexbot_ros2_ws/src/gui_backup/gui2/.project-log	cucumber/project-logs/备份/dexbot_ros2_ws_525（附件11-初步全流程）/dexbot_ros2_ws/src/gui_backup/gui2/.project-log	3	59283
cucumber	cucumber/备份/dexbot_ros2_ws_525（附件12-全流程参数没优化）/dexbot_ros2_ws/.project-log	cucumber/project-logs/备份/dexbot_ros2_ws_525（附件12-全流程参数没优化）/dexbot_ros2_ws/.project-log	17	96648
cucumber	cucumber/备份/dexbot_ros2_ws_525（附件12-全流程参数没优化）/dexbot_ros2_ws/src/cuttofo_xcore/.project-log	cucumber/project-logs/备份/dexbot_ros2_ws_525（附件12-全流程参数没优化）/dexbot_ros2_ws/src/cuttofo_xcore/.project-log	29	580298
cucumber	cucumber/备份/dexbot_ros2_ws_525（附件12-全流程参数没优化）/dexbot_ros2_ws/src/dexbot_middle_layer/CutTofo/toolbox/cuttofo_calibration/.project-log	cucumber/project-logs/备份/dexbot_ros2_ws_525（附件12-全流程参数没优化）/dexbot_ros2_ws/src/dexbot_middle_layer/CutTofo/toolbox/cuttofo_calibration/.project-log	4	37632
cucumber	cucumber/备份/dexbot_ros2_ws_525（附件12-全流程参数没优化）/dexbot_ros2_ws/src/gui/.project-log	cucumber/project-logs/备份/dexbot_ros2_ws_525（附件12-全流程参数没优化）/dexbot_ros2_ws/src/gui/.project-log	24	125948
cucumber	cucumber/备份/dexbot_ros2_ws_525（附件12-全流程参数没优化）/dexbot_ros2_ws/src/gui_backup/gui/.project-log	cucumber/project-logs/备份/dexbot_ros2_ws_525（附件12-全流程参数没优化）/dexbot_ros2_ws/src/gui_backup/gui/.project-log	3	38894
cucumber	cucumber/备份/dexbot_ros2_ws_525（附件12-全流程参数没优化）/dexbot_ros2_ws/src/gui_backup/gui2/.project-log	cucumber/project-logs/备份/dexbot_ros2_ws_525（附件12-全流程参数没优化）/dexbot_ros2_ws/src/gui_backup/gui2/.project-log	3	59283
cucumber	cucumber/备份/dexbot_ros2_ws_525（附件14-saurce备份）/dexbot_ros2_ws/src/cuttofo_xcore/.project-log	cucumber/project-logs/备份/dexbot_ros2_ws_525（附件14-saurce备份）/dexbot_ros2_ws/src/cuttofo_xcore/.project-log	29	581202
cucumber	cucumber/备份/dexbot_ros2_ws_525（附件14-saurce备份）/dexbot_ros2_ws/src/dexbot_middle_layer/CutTofo/.project-log	cucumber/project-logs/备份/dexbot_ros2_ws_525（附件14-saurce备份）/dexbot_ros2_ws/src/dexbot_middle_layer/CutTofo/.project-log	18	69181
cucumber	cucumber/备份/dexbot_ros2_ws_525（附件14-saurce备份）/dexbot_ros2_ws/src/dexbot_middle_layer/CutTofo/toolbox/cuttofo_calibration/.project-log	cucumber/project-logs/备份/dexbot_ros2_ws_525（附件14-saurce备份）/dexbot_ros2_ws/src/dexbot_middle_layer/CutTofo/toolbox/cuttofo_calibration/.project-log	4	37660
cucumber	cucumber/备份/dexbot_ros2_ws_525（附件14-saurce备份）/dexbot_ros2_ws/src/gui/.project-log	cucumber/project-logs/备份/dexbot_ros2_ws_525（附件14-saurce备份）/dexbot_ros2_ws/src/gui/.project-log	24	125948
cucumber	cucumber/备份/dexbot_ros2_ws_525（附件14-saurce备份）/dexbot_ros2_ws/src/gui_backup/gui/.project-log	cucumber/project-logs/备份/dexbot_ros2_ws_525（附件14-saurce备份）/dexbot_ros2_ws/src/gui_backup/gui/.project-log	3	43710
cucumber	cucumber/备份/dexbot_ros2_ws_525（附件14-saurce备份）/dexbot_ros2_ws/src/gui_backup/gui2/.project-log	cucumber/project-logs/备份/dexbot_ros2_ws_525（附件14-saurce备份）/dexbot_ros2_ws/src/gui_backup/gui2/.project-log	3	64099
cucumber	cucumber/备份/dexbot_ros2_ws_525（附件14-浇汁代码）/dexbot_ros2_ws/src/cuttofo_xcore/.project-log	cucumber/project-logs/备份/dexbot_ros2_ws_525（附件14-浇汁代码）/dexbot_ros2_ws/src/cuttofo_xcore/.project-log	29	581202
cucumber	cucumber/备份/dexbot_ros2_ws_525（附件14-浇汁代码）/dexbot_ros2_ws/src/dexbot_middle_layer/CutTofo/.project-log	cucumber/project-logs/备份/dexbot_ros2_ws_525（附件14-浇汁代码）/dexbot_ros2_ws/src/dexbot_middle_layer/CutTofo/.project-log	18	69459
cucumber	cucumber/备份/dexbot_ros2_ws_525（附件14-浇汁代码）/dexbot_ros2_ws/src/dexbot_middle_layer/CutTofo/toolbox/cuttofo_calibration/.project-log	cucumber/project-logs/备份/dexbot_ros2_ws_525（附件14-浇汁代码）/dexbot_ros2_ws/src/dexbot_middle_layer/CutTofo/toolbox/cuttofo_calibration/.project-log	4	37660
cucumber	cucumber/备份/dexbot_ros2_ws_525（附件14-浇汁代码）/dexbot_ros2_ws/src/gui/.project-log	cucumber/project-logs/备份/dexbot_ros2_ws_525（附件14-浇汁代码）/dexbot_ros2_ws/src/gui/.project-log	24	125948
cucumber	cucumber/备份/dexbot_ros2_ws_525（附件14-浇汁代码）/dexbot_ros2_ws/src/gui_backup/gui/.project-log	cucumber/project-logs/备份/dexbot_ros2_ws_525（附件14-浇汁代码）/dexbot_ros2_ws/src/gui_backup/gui/.project-log	3	43710
cucumber	cucumber/备份/dexbot_ros2_ws_525（附件14-浇汁代码）/dexbot_ros2_ws/src/gui_backup/gui2/.project-log	cucumber/project-logs/备份/dexbot_ros2_ws_525（附件14-浇汁代码）/dexbot_ros2_ws/src/gui_backup/gui2/.project-log	3	64099
cucumber	cucumber/备份/dexbot_ros2_ws_525（附件2）/dexbot_ros2_ws/.project-log	cucumber/project-logs/备份/dexbot_ros2_ws_525（附件2）/dexbot_ros2_ws/.project-log	16	70210
cucumber	cucumber/备份/dexbot_ros2_ws_525（附件2）/dexbot_ros2_ws/src/cuttofo_xcore/.project-log	cucumber/project-logs/备份/dexbot_ros2_ws_525（附件2）/dexbot_ros2_ws/src/cuttofo_xcore/.project-log	29	580298
cucumber	cucumber/备份/dexbot_ros2_ws_525（附件2）/dexbot_ros2_ws/src/dexbot_middle_layer/CutTofo/toolbox/cuttofo_calibration/.project-log	cucumber/project-logs/备份/dexbot_ros2_ws_525（附件2）/dexbot_ros2_ws/src/dexbot_middle_layer/CutTofo/toolbox/cuttofo_calibration/.project-log	4	37632
cucumber	cucumber/备份/dexbot_ros2_ws_525（附件2）/dexbot_ros2_ws/src/gui/.project-log	cucumber/project-logs/备份/dexbot_ros2_ws_525（附件2）/dexbot_ros2_ws/src/gui/.project-log	24	125948
cucumber	cucumber/备份/dexbot_ros2_ws_525（附件2）/dexbot_ros2_ws/src/gui_backup/gui/.project-log	cucumber/project-logs/备份/dexbot_ros2_ws_525（附件2）/dexbot_ros2_ws/src/gui_backup/gui/.project-log	3	38894
cucumber	cucumber/备份/dexbot_ros2_ws_525（附件2）/dexbot_ros2_ws/src/gui_backup/gui2/.project-log	cucumber/project-logs/备份/dexbot_ros2_ws_525（附件2）/dexbot_ros2_ws/src/gui_backup/gui2/.project-log	3	59283
cucumber	cucumber/备份/dexbot_ros2_ws_525（附件3）/dexbot_ros2_ws/.project-log	cucumber/project-logs/备份/dexbot_ros2_ws_525（附件3）/dexbot_ros2_ws/.project-log	16	70210
cucumber	cucumber/备份/dexbot_ros2_ws_525（附件3）/dexbot_ros2_ws/src/cuttofo_xcore/.project-log	cucumber/project-logs/备份/dexbot_ros2_ws_525（附件3）/dexbot_ros2_ws/src/cuttofo_xcore/.project-log	29	580298
cucumber	cucumber/备份/dexbot_ros2_ws_525（附件3）/dexbot_ros2_ws/src/dexbot_middle_layer/CutTofo/toolbox/cuttofo_calibration/.project-log	cucumber/project-logs/备份/dexbot_ros2_ws_525（附件3）/dexbot_ros2_ws/src/dexbot_middle_layer/CutTofo/toolbox/cuttofo_calibration/.project-log	4	37632
cucumber	cucumber/备份/dexbot_ros2_ws_525（附件3）/dexbot_ros2_ws/src/gui/.project-log	cucumber/project-logs/备份/dexbot_ros2_ws_525（附件3）/dexbot_ros2_ws/src/gui/.project-log	24	125948
cucumber	cucumber/备份/dexbot_ros2_ws_525（附件3）/dexbot_ros2_ws/src/gui_backup/gui/.project-log	cucumber/project-logs/备份/dexbot_ros2_ws_525（附件3）/dexbot_ros2_ws/src/gui_backup/gui/.project-log	3	38894
cucumber	cucumber/备份/dexbot_ros2_ws_525（附件3）/dexbot_ros2_ws/src/gui_backup/gui2/.project-log	cucumber/project-logs/备份/dexbot_ros2_ws_525（附件3）/dexbot_ros2_ws/src/gui_backup/gui2/.project-log	3	59283
cucumber	cucumber/备份/dexbot_ros2_ws_525（附件5）/dexbot_ros2_ws/.project-log	cucumber/project-logs/备份/dexbot_ros2_ws_525（附件5）/dexbot_ros2_ws/.project-log	16	70210
cucumber	cucumber/备份/dexbot_ros2_ws_525（附件5）/dexbot_ros2_ws/src/cuttofo_xcore/.project-log	cucumber/project-logs/备份/dexbot_ros2_ws_525（附件5）/dexbot_ros2_ws/src/cuttofo_xcore/.project-log	29	580298
cucumber	cucumber/备份/dexbot_ros2_ws_525（附件5）/dexbot_ros2_ws/src/dexbot_middle_layer/CutTofo/toolbox/cuttofo_calibration/.project-log	cucumber/project-logs/备份/dexbot_ros2_ws_525（附件5）/dexbot_ros2_ws/src/dexbot_middle_layer/CutTofo/toolbox/cuttofo_calibration/.project-log	4	37632
cucumber	cucumber/备份/dexbot_ros2_ws_525（附件5）/dexbot_ros2_ws/src/gui/.project-log	cucumber/project-logs/备份/dexbot_ros2_ws_525（附件5）/dexbot_ros2_ws/src/gui/.project-log	24	125948
cucumber	cucumber/备份/dexbot_ros2_ws_525（附件5）/dexbot_ros2_ws/src/gui_backup/gui/.project-log	cucumber/project-logs/备份/dexbot_ros2_ws_525（附件5）/dexbot_ros2_ws/src/gui_backup/gui/.project-log	3	38894
cucumber	cucumber/备份/dexbot_ros2_ws_525（附件5）/dexbot_ros2_ws/src/gui_backup/gui2/.project-log	cucumber/project-logs/备份/dexbot_ros2_ws_525（附件5）/dexbot_ros2_ws/src/gui_backup/gui2/.project-log	3	59283
cucumber	cucumber/备份/dexbot_ros2_ws_525（附件6）/dexbot_ros2_ws/.project-log	cucumber/project-logs/备份/dexbot_ros2_ws_525（附件6）/dexbot_ros2_ws/.project-log	17	82758
cucumber	cucumber/备份/dexbot_ros2_ws_525（附件6）/dexbot_ros2_ws/src/cuttofo_xcore/.project-log	cucumber/project-logs/备份/dexbot_ros2_ws_525（附件6）/dexbot_ros2_ws/src/cuttofo_xcore/.project-log	29	580298
cucumber	cucumber/备份/dexbot_ros2_ws_525（附件6）/dexbot_ros2_ws/src/dexbot_middle_layer/CutTofo/toolbox/cuttofo_calibration/.project-log	cucumber/project-logs/备份/dexbot_ros2_ws_525（附件6）/dexbot_ros2_ws/src/dexbot_middle_layer/CutTofo/toolbox/cuttofo_calibration/.project-log	4	37632
cucumber	cucumber/备份/dexbot_ros2_ws_525（附件6）/dexbot_ros2_ws/src/gui/.project-log	cucumber/project-logs/备份/dexbot_ros2_ws_525（附件6）/dexbot_ros2_ws/src/gui/.project-log	24	125948
cucumber	cucumber/备份/dexbot_ros2_ws_525（附件6）/dexbot_ros2_ws/src/gui_backup/gui/.project-log	cucumber/project-logs/备份/dexbot_ros2_ws_525（附件6）/dexbot_ros2_ws/src/gui_backup/gui/.project-log	3	38894
cucumber	cucumber/备份/dexbot_ros2_ws_525（附件6）/dexbot_ros2_ws/src/gui_backup/gui2/.project-log	cucumber/project-logs/备份/dexbot_ros2_ws_525（附件6）/dexbot_ros2_ws/src/gui_backup/gui2/.project-log	3	59283
cucumber	cucumber/备份/dexbot_ros2_ws_525（附件7-框架优化）/dexbot_ros2_ws/.project-log	cucumber/project-logs/备份/dexbot_ros2_ws_525（附件7-框架优化）/dexbot_ros2_ws/.project-log	17	89540
cucumber	cucumber/备份/dexbot_ros2_ws_525（附件7-框架优化）/dexbot_ros2_ws/src/cuttofo_xcore/.project-log	cucumber/project-logs/备份/dexbot_ros2_ws_525（附件7-框架优化）/dexbot_ros2_ws/src/cuttofo_xcore/.project-log	29	580298
cucumber	cucumber/备份/dexbot_ros2_ws_525（附件7-框架优化）/dexbot_ros2_ws/src/dexbot_middle_layer/CutTofo/toolbox/cuttofo_calibration/.project-log	cucumber/project-logs/备份/dexbot_ros2_ws_525（附件7-框架优化）/dexbot_ros2_ws/src/dexbot_middle_layer/CutTofo/toolbox/cuttofo_calibration/.project-log	4	37632
cucumber	cucumber/备份/dexbot_ros2_ws_525（附件7-框架优化）/dexbot_ros2_ws/src/gui/.project-log	cucumber/project-logs/备份/dexbot_ros2_ws_525（附件7-框架优化）/dexbot_ros2_ws/src/gui/.project-log	24	125948
cucumber	cucumber/备份/dexbot_ros2_ws_525（附件7-框架优化）/dexbot_ros2_ws/src/gui_backup/gui/.project-log	cucumber/project-logs/备份/dexbot_ros2_ws_525（附件7-框架优化）/dexbot_ros2_ws/src/gui_backup/gui/.project-log	3	38894
cucumber	cucumber/备份/dexbot_ros2_ws_525（附件7-框架优化）/dexbot_ros2_ws/src/gui_backup/gui2/.project-log	cucumber/project-logs/备份/dexbot_ros2_ws_525（附件7-框架优化）/dexbot_ros2_ws/src/gui_backup/gui2/.project-log	3	59283
cucumber	cucumber/备份/dexbot_ros2_ws_525（附件8-开始解决豆腐问题）/dexbot_ros2_ws/.project-log	cucumber/project-logs/备份/dexbot_ros2_ws_525（附件8-开始解决豆腐问题）/dexbot_ros2_ws/.project-log	17	95393
cucumber	cucumber/备份/dexbot_ros2_ws_525（附件8-开始解决豆腐问题）/dexbot_ros2_ws/src/cuttofo_xcore/.project-log	cucumber/project-logs/备份/dexbot_ros2_ws_525（附件8-开始解决豆腐问题）/dexbot_ros2_ws/src/cuttofo_xcore/.project-log	29	580298
cucumber	cucumber/备份/dexbot_ros2_ws_525（附件8-开始解决豆腐问题）/dexbot_ros2_ws/src/dexbot_middle_layer/CutTofo/toolbox/cuttofo_calibration/.project-log	cucumber/project-logs/备份/dexbot_ros2_ws_525（附件8-开始解决豆腐问题）/dexbot_ros2_ws/src/dexbot_middle_layer/CutTofo/toolbox/cuttofo_calibration/.project-log	4	37632
cucumber	cucumber/备份/dexbot_ros2_ws_525（附件8-开始解决豆腐问题）/dexbot_ros2_ws/src/gui/.project-log	cucumber/project-logs/备份/dexbot_ros2_ws_525（附件8-开始解决豆腐问题）/dexbot_ros2_ws/src/gui/.project-log	24	125948
cucumber	cucumber/备份/dexbot_ros2_ws_525（附件8-开始解决豆腐问题）/dexbot_ros2_ws/src/gui_backup/gui/.project-log	cucumber/project-logs/备份/dexbot_ros2_ws_525（附件8-开始解决豆腐问题）/dexbot_ros2_ws/src/gui_backup/gui/.project-log	3	38894
cucumber	cucumber/备份/dexbot_ros2_ws_525（附件8-开始解决豆腐问题）/dexbot_ros2_ws/src/gui_backup/gui2/.project-log	cucumber/project-logs/备份/dexbot_ros2_ws_525（附件8-开始解决豆腐问题）/dexbot_ros2_ws/src/gui_backup/gui2/.project-log	3	59283
cucumber	cucumber/备份/dexbot_ros2_ws_525（附件9-prepare求解失败）/dexbot_ros2_ws/.project-log	cucumber/project-logs/备份/dexbot_ros2_ws_525（附件9-prepare求解失败）/dexbot_ros2_ws/.project-log	17	95393
cucumber	cucumber/备份/dexbot_ros2_ws_525（附件9-prepare求解失败）/dexbot_ros2_ws/src/cuttofo_xcore/.project-log	cucumber/project-logs/备份/dexbot_ros2_ws_525（附件9-prepare求解失败）/dexbot_ros2_ws/src/cuttofo_xcore/.project-log	29	580298
cucumber	cucumber/备份/dexbot_ros2_ws_525（附件9-prepare求解失败）/dexbot_ros2_ws/src/dexbot_middle_layer/CutTofo/toolbox/cuttofo_calibration/.project-log	cucumber/project-logs/备份/dexbot_ros2_ws_525（附件9-prepare求解失败）/dexbot_ros2_ws/src/dexbot_middle_layer/CutTofo/toolbox/cuttofo_calibration/.project-log	4	37632
cucumber	cucumber/备份/dexbot_ros2_ws_525（附件9-prepare求解失败）/dexbot_ros2_ws/src/gui/.project-log	cucumber/project-logs/备份/dexbot_ros2_ws_525（附件9-prepare求解失败）/dexbot_ros2_ws/src/gui/.project-log	24	125948
cucumber	cucumber/备份/dexbot_ros2_ws_525（附件9-prepare求解失败）/dexbot_ros2_ws/src/gui_backup/gui/.project-log	cucumber/project-logs/备份/dexbot_ros2_ws_525（附件9-prepare求解失败）/dexbot_ros2_ws/src/gui_backup/gui/.project-log	3	38894
cucumber	cucumber/备份/dexbot_ros2_ws_525（附件9-prepare求解失败）/dexbot_ros2_ws/src/gui_backup/gui2/.project-log	cucumber/project-logs/备份/dexbot_ros2_ws_525（附件9-prepare求解失败）/dexbot_ros2_ws/src/gui_backup/gui2/.project-log	3	59283
cucumber	cucumber/备份/dexbot_ros2_ws_525（黄瓜全流程）/dexbot_ros2_ws/.project-log	cucumber/project-logs/备份/dexbot_ros2_ws_525（黄瓜全流程）/dexbot_ros2_ws/.project-log	17	82758
cucumber	cucumber/备份/dexbot_ros2_ws_525（黄瓜全流程）/dexbot_ros2_ws/src/cuttofo_xcore/.project-log	cucumber/project-logs/备份/dexbot_ros2_ws_525（黄瓜全流程）/dexbot_ros2_ws/src/cuttofo_xcore/.project-log	29	580298
cucumber	cucumber/备份/dexbot_ros2_ws_525（黄瓜全流程）/dexbot_ros2_ws/src/dexbot_middle_layer/CutTofo/toolbox/cuttofo_calibration/.project-log	cucumber/project-logs/备份/dexbot_ros2_ws_525（黄瓜全流程）/dexbot_ros2_ws/src/dexbot_middle_layer/CutTofo/toolbox/cuttofo_calibration/.project-log	4	37632
cucumber	cucumber/备份/dexbot_ros2_ws_525（黄瓜全流程）/dexbot_ros2_ws/src/gui/.project-log	cucumber/project-logs/备份/dexbot_ros2_ws_525（黄瓜全流程）/dexbot_ros2_ws/src/gui/.project-log	24	125948
cucumber	cucumber/备份/dexbot_ros2_ws_525（黄瓜全流程）/dexbot_ros2_ws/src/gui_backup/gui/.project-log	cucumber/project-logs/备份/dexbot_ros2_ws_525（黄瓜全流程）/dexbot_ros2_ws/src/gui_backup/gui/.project-log	3	38894
cucumber	cucumber/备份/dexbot_ros2_ws_525（黄瓜全流程）/dexbot_ros2_ws/src/gui_backup/gui2/.project-log	cucumber/project-logs/备份/dexbot_ros2_ws_525（黄瓜全流程）/dexbot_ros2_ws/src/gui_backup/gui2/.project-log	3	59283
cucumber	cucumber/备份/dexbot_ros2_ws（6月7日上午）/src/cuttofo_xcore/.project-log	cucumber/project-logs/备份/dexbot_ros2_ws（6月7日上午）/src/cuttofo_xcore/.project-log	29	580298
cucumber	cucumber/备份/dexbot_ros2_ws（6月7日上午）/src/dexbot_middle_layer/CutTofo/.project-log	cucumber/project-logs/备份/dexbot_ros2_ws（6月7日上午）/src/dexbot_middle_layer/CutTofo/.project-log	14	56096
cucumber	cucumber/备份/dexbot_ros2_ws（6月7日上午）/src/dexbot_middle_layer/CutTofo/toolbox/cuttofo_calibration/.project-log	cucumber/project-logs/备份/dexbot_ros2_ws（6月7日上午）/src/dexbot_middle_layer/CutTofo/toolbox/cuttofo_calibration/.project-log	4	37632
cucumber	cucumber/备份/dexbot_ros2_ws（6月7日上午）/src/gui/.project-log	cucumber/project-logs/备份/dexbot_ros2_ws（6月7日上午）/src/gui/.project-log	24	126763
cucumber	cucumber/备份/dexbot_ros2_ws（6月7日上午）/src/gui_backup/gui/.project-log	cucumber/project-logs/备份/dexbot_ros2_ws（6月7日上午）/src/gui_backup/gui/.project-log	3	38894
cucumber	cucumber/备份/dexbot_ros2_ws（6月7日上午）/src/gui_backup/gui2/.project-log	cucumber/project-logs/备份/dexbot_ros2_ws（6月7日上午）/src/gui_backup/gui2/.project-log	3	59283
cucumber	cucumber/备份/dexbot_ros2_ws（6月8日-上午）/src/cuttofo_xcore/.project-log	cucumber/project-logs/备份/dexbot_ros2_ws（6月8日-上午）/src/cuttofo_xcore/.project-log	29	580298
cucumber	cucumber/备份/dexbot_ros2_ws（6月8日-上午）/src/dexbot_middle_layer/CutTofo/.project-log	cucumber/project-logs/备份/dexbot_ros2_ws（6月8日-上午）/src/dexbot_middle_layer/CutTofo/.project-log	14	87576
cucumber	cucumber/备份/dexbot_ros2_ws（6月8日-上午）/src/dexbot_middle_layer/CutTofo/toolbox/cuttofo_calibration/.project-log	cucumber/project-logs/备份/dexbot_ros2_ws（6月8日-上午）/src/dexbot_middle_layer/CutTofo/toolbox/cuttofo_calibration/.project-log	4	37632
cucumber	cucumber/备份/dexbot_ros2_ws（6月8日-上午）/src/gui/.project-log	cucumber/project-logs/备份/dexbot_ros2_ws（6月8日-上午）/src/gui/.project-log	24	126763
cucumber	cucumber/备份/dexbot_ros2_ws（6月8日-上午）/src/gui_backup/gui/.project-log	cucumber/project-logs/备份/dexbot_ros2_ws（6月8日-上午）/src/gui_backup/gui/.project-log	3	38894
cucumber	cucumber/备份/dexbot_ros2_ws（6月8日-上午）/src/gui_backup/gui2/.project-log	cucumber/project-logs/备份/dexbot_ros2_ws（6月8日-上午）/src/gui_backup/gui2/.project-log	3	59283
cucumber	cucumber/备份/dexbot_ros2_ws（六月11日中午）/src/cuttofo_xcore/.project-log	cucumber/project-logs/备份/dexbot_ros2_ws（六月11日中午）/src/cuttofo_xcore/.project-log	38	583052
cucumber	cucumber/备份/dexbot_ros2_ws（六月11日中午）/src/dexbot_middle_layer/CutTofo/.project-log	cucumber/project-logs/备份/dexbot_ros2_ws（六月11日中午）/src/dexbot_middle_layer/CutTofo/.project-log	25	249567
cucumber	cucumber/备份/dexbot_ros2_ws（六月11日中午）/src/dexbot_middle_layer/CutTofo/toolbox/cuttofo_calibration/.project-log	cucumber/project-logs/备份/dexbot_ros2_ws（六月11日中午）/src/dexbot_middle_layer/CutTofo/toolbox/cuttofo_calibration/.project-log	4	37632
cucumber	cucumber/备份/dexbot_ros2_ws（六月11日中午）/src/gui/.project-log	cucumber/project-logs/备份/dexbot_ros2_ws（六月11日中午）/src/gui/.project-log	24	126763
cucumber	cucumber/备份/dexbot_ros2_ws（六月11日中午）/src/gui_backup/gui/.project-log	cucumber/project-logs/备份/dexbot_ros2_ws（六月11日中午）/src/gui_backup/gui/.project-log	3	38894
cucumber	cucumber/备份/dexbot_ros2_ws（六月11日中午）/src/gui_backup/gui2/.project-log	cucumber/project-logs/备份/dexbot_ros2_ws（六月11日中午）/src/gui_backup/gui2/.project-log	3	59283
cucumber	cucumber/备份/dexbot_ros2_ws（附件-14）/src/cuttofo_xcore/.project-log	cucumber/project-logs/备份/dexbot_ros2_ws（附件-14）/src/cuttofo_xcore/.project-log	29	580298
cucumber	cucumber/备份/dexbot_ros2_ws（附件-14）/src/dexbot_middle_layer/CutTofo/.project-log	cucumber/project-logs/备份/dexbot_ros2_ws（附件-14）/src/dexbot_middle_layer/CutTofo/.project-log	14	76684
cucumber	cucumber/备份/dexbot_ros2_ws（附件-14）/src/dexbot_middle_layer/CutTofo/toolbox/cuttofo_calibration/.project-log	cucumber/project-logs/备份/dexbot_ros2_ws（附件-14）/src/dexbot_middle_layer/CutTofo/toolbox/cuttofo_calibration/.project-log	4	37632
cucumber	cucumber/备份/dexbot_ros2_ws（附件-14）/src/gui/.project-log	cucumber/project-logs/备份/dexbot_ros2_ws（附件-14）/src/gui/.project-log	24	126763
cucumber	cucumber/备份/dexbot_ros2_ws（附件-14）/src/gui_backup/gui/.project-log	cucumber/project-logs/备份/dexbot_ros2_ws（附件-14）/src/gui_backup/gui/.project-log	3	38894
cucumber	cucumber/备份/dexbot_ros2_ws（附件-14）/src/gui_backup/gui2/.project-log	cucumber/project-logs/备份/dexbot_ros2_ws（附件-14）/src/gui_backup/gui2/.project-log	3	59283
cucumber	cucumber/备份/dexbot_ros2_ws（附件-15）/src/cuttofo_xcore/.project-log	cucumber/project-logs/备份/dexbot_ros2_ws（附件-15）/src/cuttofo_xcore/.project-log	29	580298
cucumber	cucumber/备份/dexbot_ros2_ws（附件-15）/src/dexbot_middle_layer/CutTofo/.project-log	cucumber/project-logs/备份/dexbot_ros2_ws（附件-15）/src/dexbot_middle_layer/CutTofo/.project-log	14	89687
cucumber	cucumber/备份/dexbot_ros2_ws（附件-15）/src/dexbot_middle_layer/CutTofo/toolbox/cuttofo_calibration/.project-log	cucumber/project-logs/备份/dexbot_ros2_ws（附件-15）/src/dexbot_middle_layer/CutTofo/toolbox/cuttofo_calibration/.project-log	4	37632
cucumber	cucumber/备份/dexbot_ros2_ws（附件-15）/src/gui/.project-log	cucumber/project-logs/备份/dexbot_ros2_ws（附件-15）/src/gui/.project-log	24	126763
cucumber	cucumber/备份/dexbot_ros2_ws（附件-15）/src/gui_backup/gui/.project-log	cucumber/project-logs/备份/dexbot_ros2_ws（附件-15）/src/gui_backup/gui/.project-log	3	38894
cucumber	cucumber/备份/dexbot_ros2_ws（附件-15）/src/gui_backup/gui2/.project-log	cucumber/project-logs/备份/dexbot_ros2_ws（附件-15）/src/gui_backup/gui2/.project-log	3	59283
cucumber	cucumber/备份/dexbot_ros2_ws（附件16-没问题版本）/src/cuttofo_xcore/.project-log	cucumber/project-logs/备份/dexbot_ros2_ws（附件16-没问题版本）/src/cuttofo_xcore/.project-log	29	580298
cucumber	cucumber/备份/dexbot_ros2_ws（附件16-没问题版本）/src/dexbot_middle_layer/CutTofo/.project-log	cucumber/project-logs/备份/dexbot_ros2_ws（附件16-没问题版本）/src/dexbot_middle_layer/CutTofo/.project-log	14	94577
cucumber	cucumber/备份/dexbot_ros2_ws（附件16-没问题版本）/src/dexbot_middle_layer/CutTofo/toolbox/cuttofo_calibration/.project-log	cucumber/project-logs/备份/dexbot_ros2_ws（附件16-没问题版本）/src/dexbot_middle_layer/CutTofo/toolbox/cuttofo_calibration/.project-log	4	37632
cucumber	cucumber/备份/dexbot_ros2_ws（附件16-没问题版本）/src/gui/.project-log	cucumber/project-logs/备份/dexbot_ros2_ws（附件16-没问题版本）/src/gui/.project-log	24	126763
cucumber	cucumber/备份/dexbot_ros2_ws（附件16-没问题版本）/src/gui_backup/gui/.project-log	cucumber/project-logs/备份/dexbot_ros2_ws（附件16-没问题版本）/src/gui_backup/gui/.project-log	3	38894
cucumber	cucumber/备份/dexbot_ros2_ws（附件16-没问题版本）/src/gui_backup/gui2/.project-log	cucumber/project-logs/备份/dexbot_ros2_ws（附件16-没问题版本）/src/gui_backup/gui2/.project-log	3	59283
cucumber	cucumber/备份/dexbot_ros2_ws（附件16）/src/cuttofo_xcore/.project-log	cucumber/project-logs/备份/dexbot_ros2_ws（附件16）/src/cuttofo_xcore/.project-log	29	580298
cucumber	cucumber/备份/dexbot_ros2_ws（附件16）/src/dexbot_middle_layer/CutTofo/.project-log	cucumber/project-logs/备份/dexbot_ros2_ws（附件16）/src/dexbot_middle_layer/CutTofo/.project-log	14	94577
cucumber	cucumber/备份/dexbot_ros2_ws（附件16）/src/dexbot_middle_layer/CutTofo/toolbox/cuttofo_calibration/.project-log	cucumber/project-logs/备份/dexbot_ros2_ws（附件16）/src/dexbot_middle_layer/CutTofo/toolbox/cuttofo_calibration/.project-log	4	37632
cucumber	cucumber/备份/dexbot_ros2_ws（附件16）/src/gui/.project-log	cucumber/project-logs/备份/dexbot_ros2_ws（附件16）/src/gui/.project-log	24	126763
cucumber	cucumber/备份/dexbot_ros2_ws（附件16）/src/gui_backup/gui/.project-log	cucumber/project-logs/备份/dexbot_ros2_ws（附件16）/src/gui_backup/gui/.project-log	3	38894
cucumber	cucumber/备份/dexbot_ros2_ws（附件16）/src/gui_backup/gui2/.project-log	cucumber/project-logs/备份/dexbot_ros2_ws（附件16）/src/gui_backup/gui2/.project-log	3	59283
data_collect	data_collect/.project-log	data_collect/.project-log	41	224742
data_collect	data_collect/software/.project-log	data_collect/project-logs/software/.project-log	30	647203
gr00t-finetune	gr00t-finetune/.project-log	gr00t-finetune/.project-log	76	11751228
gr00t-finetune	gr00t-finetune/gr00t_n1/.project-log	gr00t-finetune/project-logs/gr00t_n1/.project-log	0	0
lerobot_v1.0	lerobot_v1.0/.project-log	lerobot_v1.0/.project-log	62	111200
tofu	tofu/dexbot_ros2_ws/.project-log	tofu/project-logs/dexbot_ros2_ws/.project-log	6	6614
tofu	tofu/dexbot_ros2_ws/src/cuttofo_calibration/.project-log	tofu/project-logs/dexbot_ros2_ws/src/cuttofo_calibration/.project-log	4	37637
tofu	tofu/dexbot_ros2_ws/src/cuttofo_lbot/.project-log	tofu/project-logs/dexbot_ros2_ws/src/cuttofo_lbot/.project-log	6	180953
tofu	tofu/dexbot_ros2_ws/src/cuttofo_xcore/.project-log	tofu/project-logs/dexbot_ros2_ws/src/cuttofo_xcore/.project-log	29	593367
tofu	tofu/dexbot_ros2_ws/src/gui/.project-log	tofu/project-logs/dexbot_ros2_ws/src/gui/.project-log	24	126763
tofu	tofu/dexbot_ros2_ws/src/gui_backup/gui/.project-log	tofu/project-logs/dexbot_ros2_ws/src/gui_backup/gui/.project-log	3	39754
tofu	tofu/dexbot_ros2_ws/src/gui_backup/gui2/.project-log	tofu/project-logs/dexbot_ros2_ws/src/gui_backup/gui2/.project-log	3	60143
tofu	tofu/dexbot_ros2_ws备份/dexbot_ros2_ws(附件22-20号上午调试的稳定版本)/src/cuttofo_calibration/.project-log	tofu/project-logs/dexbot_ros2_ws备份/dexbot_ros2_ws(附件22-20号上午调试的稳定版本)/src/cuttofo_calibration/.project-log	3	24593
tofu	tofu/dexbot_ros2_ws备份/dexbot_ros2_ws(附件22-20号上午调试的稳定版本)/src/cuttofo_lbot/.project-log	tofu/project-logs/dexbot_ros2_ws备份/dexbot_ros2_ws(附件22-20号上午调试的稳定版本)/src/cuttofo_lbot/.project-log	6	180863
tofu	tofu/dexbot_ros2_ws备份/dexbot_ros2_ws(附件22-20号上午调试的稳定版本)/src/cuttofo_xcore/.project-log	tofu/project-logs/dexbot_ros2_ws备份/dexbot_ros2_ws(附件22-20号上午调试的稳定版本)/src/cuttofo_xcore/.project-log	28	512065
tofu	tofu/dexbot_ros2_ws备份/dexbot_ros2_ws(附件22-20号上午调试的稳定版本)/src/gui/.project-log	tofu/project-logs/dexbot_ros2_ws备份/dexbot_ros2_ws(附件22-20号上午调试的稳定版本)/src/gui/.project-log	24	123800
tofu	tofu/dexbot_ros2_ws备份/dexbot_ros2_ws(附件22-20号上午调试的稳定版本)/src/gui_backup/gui/.project-log	tofu/project-logs/dexbot_ros2_ws备份/dexbot_ros2_ws(附件22-20号上午调试的稳定版本)/src/gui_backup/gui/.project-log	3	38894
tofu	tofu/dexbot_ros2_ws备份/dexbot_ros2_ws(附件22-20号上午调试的稳定版本)/src/gui_backup/gui2/.project-log	tofu/project-logs/dexbot_ros2_ws备份/dexbot_ros2_ws(附件22-20号上午调试的稳定版本)/src/gui_backup/gui2/.project-log	3	59283
tofu	tofu/dexbot_ros2_ws备份/dexbot_ros2_ws(附件24-23号上午测试参数没问题版本)/.project-log	tofu/project-logs/dexbot_ros2_ws备份/dexbot_ros2_ws(附件24-23号上午测试参数没问题版本)/.project-log	0	0
tofu	tofu/dexbot_ros2_ws备份/dexbot_ros2_ws(附件24-23号上午测试参数没问题版本)/src/cuttofo_calibration/.project-log	tofu/project-logs/dexbot_ros2_ws备份/dexbot_ros2_ws(附件24-23号上午测试参数没问题版本)/src/cuttofo_calibration/.project-log	4	37632
tofu	tofu/dexbot_ros2_ws备份/dexbot_ros2_ws(附件24-23号上午测试参数没问题版本)/src/cuttofo_lbot/.project-log	tofu/project-logs/dexbot_ros2_ws备份/dexbot_ros2_ws(附件24-23号上午测试参数没问题版本)/src/cuttofo_lbot/.project-log	6	180863
tofu	tofu/dexbot_ros2_ws备份/dexbot_ros2_ws(附件24-23号上午测试参数没问题版本)/src/cuttofo_xcore/.project-log	tofu/project-logs/dexbot_ros2_ws备份/dexbot_ros2_ws(附件24-23号上午测试参数没问题版本)/src/cuttofo_xcore/.project-log	29	580298
tofu	tofu/dexbot_ros2_ws备份/dexbot_ros2_ws(附件24-23号上午测试参数没问题版本)/src/gui/.project-log	tofu/project-logs/dexbot_ros2_ws备份/dexbot_ros2_ws(附件24-23号上午测试参数没问题版本)/src/gui/.project-log	24	123800
tofu	tofu/dexbot_ros2_ws备份/dexbot_ros2_ws(附件24-23号上午测试参数没问题版本)/src/gui_backup/gui/.project-log	tofu/project-logs/dexbot_ros2_ws备份/dexbot_ros2_ws(附件24-23号上午测试参数没问题版本)/src/gui_backup/gui/.project-log	3	38894
tofu	tofu/dexbot_ros2_ws备份/dexbot_ros2_ws(附件24-23号上午测试参数没问题版本)/src/gui_backup/gui2/.project-log	tofu/project-logs/dexbot_ros2_ws备份/dexbot_ros2_ws(附件24-23号上午测试参数没问题版本)/src/gui_backup/gui2/.project-log	3	59283
tofu	tofu/dexbot_ros2_ws备份/dexbot_ros2_ws11（竖着切有点小问题）/src/cuttofo_calibration/.project-log	tofu/project-logs/dexbot_ros2_ws备份/dexbot_ros2_ws11（竖着切有点小问题）/src/cuttofo_calibration/.project-log	3	24593
tofu	tofu/dexbot_ros2_ws备份/dexbot_ros2_ws11（竖着切有点小问题）/src/cuttofo_lbot/.project-log	tofu/project-logs/dexbot_ros2_ws备份/dexbot_ros2_ws11（竖着切有点小问题）/src/cuttofo_lbot/.project-log	6	180863
tofu	tofu/dexbot_ros2_ws备份/dexbot_ros2_ws11（竖着切有点小问题）/src/cuttofo_xcore/.project-log	tofu/project-logs/dexbot_ros2_ws备份/dexbot_ros2_ws11（竖着切有点小问题）/src/cuttofo_xcore/.project-log	9	318825
tofu	tofu/dexbot_ros2_ws备份/dexbot_ros2_ws11（竖着切有点小问题）/src/gui/.project-log	tofu/project-logs/dexbot_ros2_ws备份/dexbot_ros2_ws11（竖着切有点小问题）/src/gui/.project-log	3	70352
tofu	tofu/dexbot_ros2_ws备份/dexbot_ros2_ws11（竖着切有点小问题）/src/gui_backup/gui/.project-log	tofu/project-logs/dexbot_ros2_ws备份/dexbot_ros2_ws11（竖着切有点小问题）/src/gui_backup/gui/.project-log	3	38894
tofu	tofu/dexbot_ros2_ws备份/dexbot_ros2_ws11（竖着切有点小问题）/src/gui_backup/gui2/.project-log	tofu/project-logs/dexbot_ros2_ws备份/dexbot_ros2_ws11（竖着切有点小问题）/src/gui_backup/gui2/.project-log	3	59283
tofu	tofu/dexbot_ros2_ws备份/dexbot_ros2_ws（6月11日上午）/.project-log	tofu/project-logs/dexbot_ros2_ws备份/dexbot_ros2_ws（6月11日上午）/.project-log	6	6614
tofu	tofu/dexbot_ros2_ws备份/dexbot_ros2_ws（6月11日上午）/src/cuttofo_calibration/.project-log	tofu/project-logs/dexbot_ros2_ws备份/dexbot_ros2_ws（6月11日上午）/src/cuttofo_calibration/.project-log	4	37637
tofu	tofu/dexbot_ros2_ws备份/dexbot_ros2_ws（6月11日上午）/src/cuttofo_lbot/.project-log	tofu/project-logs/dexbot_ros2_ws备份/dexbot_ros2_ws（6月11日上午）/src/cuttofo_lbot/.project-log	6	180953
tofu	tofu/dexbot_ros2_ws备份/dexbot_ros2_ws（6月11日上午）/src/cuttofo_xcore/.project-log	tofu/project-logs/dexbot_ros2_ws备份/dexbot_ros2_ws（6月11日上午）/src/cuttofo_xcore/.project-log	29	593367
tofu	tofu/dexbot_ros2_ws备份/dexbot_ros2_ws（6月11日上午）/src/gui/.project-log	tofu/project-logs/dexbot_ros2_ws备份/dexbot_ros2_ws（6月11日上午）/src/gui/.project-log	24	126763
tofu	tofu/dexbot_ros2_ws备份/dexbot_ros2_ws（6月11日上午）/src/gui_backup/gui/.project-log	tofu/project-logs/dexbot_ros2_ws备份/dexbot_ros2_ws（6月11日上午）/src/gui_backup/gui/.project-log	3	39754
tofu	tofu/dexbot_ros2_ws备份/dexbot_ros2_ws（6月11日上午）/src/gui_backup/gui2/.project-log	tofu/project-logs/dexbot_ros2_ws备份/dexbot_ros2_ws（6月11日上午）/src/gui_backup/gui2/.project-log	3	60143
tofu	tofu/dexbot_ros2_ws备份/dexbot_ros2_ws（备份16-还没有集成抓刀逻辑，做了一下phase·跳转的优化）/src/cuttofo_calibration/.project-log	tofu/project-logs/dexbot_ros2_ws备份/dexbot_ros2_ws（备份16-还没有集成抓刀逻辑，做了一下phase·跳转的优化）/src/cuttofo_calibration/.project-log	3	24593
tofu	tofu/dexbot_ros2_ws备份/dexbot_ros2_ws（备份16-还没有集成抓刀逻辑，做了一下phase·跳转的优化）/src/cuttofo_lbot/.project-log	tofu/project-logs/dexbot_ros2_ws备份/dexbot_ros2_ws（备份16-还没有集成抓刀逻辑，做了一下phase·跳转的优化）/src/cuttofo_lbot/.project-log	6	180863
tofu	tofu/dexbot_ros2_ws备份/dexbot_ros2_ws（备份16-还没有集成抓刀逻辑，做了一下phase·跳转的优化）/src/cuttofo_xcore/.project-log	tofu/project-logs/dexbot_ros2_ws备份/dexbot_ros2_ws（备份16-还没有集成抓刀逻辑，做了一下phase·跳转的优化）/src/cuttofo_xcore/.project-log	24	420359
tofu	tofu/dexbot_ros2_ws备份/dexbot_ros2_ws（备份16-还没有集成抓刀逻辑，做了一下phase·跳转的优化）/src/gui/.project-log	tofu/project-logs/dexbot_ros2_ws备份/dexbot_ros2_ws（备份16-还没有集成抓刀逻辑，做了一下phase·跳转的优化）/src/gui/.project-log	24	123800
tofu	tofu/dexbot_ros2_ws备份/dexbot_ros2_ws（备份16-还没有集成抓刀逻辑，做了一下phase·跳转的优化）/src/gui_backup/gui/.project-log	tofu/project-logs/dexbot_ros2_ws备份/dexbot_ros2_ws（备份16-还没有集成抓刀逻辑，做了一下phase·跳转的优化）/src/gui_backup/gui/.project-log	3	38894
tofu	tofu/dexbot_ros2_ws备份/dexbot_ros2_ws（备份16-还没有集成抓刀逻辑，做了一下phase·跳转的优化）/src/gui_backup/gui2/.project-log	tofu/project-logs/dexbot_ros2_ws备份/dexbot_ros2_ws（备份16-还没有集成抓刀逻辑，做了一下phase·跳转的优化）/src/gui_backup/gui2/.project-log	3	59283
tofu	tofu/dexbot_ros2_ws备份/dexbot_ros2_ws（复件10-准备加入box提示逻辑）/src/cuttofo_calibration/.project-log	tofu/project-logs/dexbot_ros2_ws备份/dexbot_ros2_ws（复件10-准备加入box提示逻辑）/src/cuttofo_calibration/.project-log	3	24593
tofu	tofu/dexbot_ros2_ws备份/dexbot_ros2_ws（复件10-准备加入box提示逻辑）/src/cuttofo_lbot/.project-log	tofu/project-logs/dexbot_ros2_ws备份/dexbot_ros2_ws（复件10-准备加入box提示逻辑）/src/cuttofo_lbot/.project-log	6	180863
tofu	tofu/dexbot_ros2_ws备份/dexbot_ros2_ws（复件10-准备加入box提示逻辑）/src/cuttofo_xcore/.project-log	tofu/project-logs/dexbot_ros2_ws备份/dexbot_ros2_ws（复件10-准备加入box提示逻辑）/src/cuttofo_xcore/.project-log	9	318825
tofu	tofu/dexbot_ros2_ws备份/dexbot_ros2_ws（复件10-准备加入box提示逻辑）/src/gui/.project-log	tofu/project-logs/dexbot_ros2_ws备份/dexbot_ros2_ws（复件10-准备加入box提示逻辑）/src/gui/.project-log	3	70352
tofu	tofu/dexbot_ros2_ws备份/dexbot_ros2_ws（复件10-准备加入box提示逻辑）/src/gui_backup/gui/.project-log	tofu/project-logs/dexbot_ros2_ws备份/dexbot_ros2_ws（复件10-准备加入box提示逻辑）/src/gui_backup/gui/.project-log	3	38894
tofu	tofu/dexbot_ros2_ws备份/dexbot_ros2_ws（复件10-准备加入box提示逻辑）/src/gui_backup/gui2/.project-log	tofu/project-logs/dexbot_ros2_ws备份/dexbot_ros2_ws（复件10-准备加入box提示逻辑）/src/gui_backup/gui2/.project-log	3	59283
tofu	tofu/dexbot_ros2_ws备份/dexbot_ros2_ws（复件12-切换右臂之后，还没调试好）/src/cuttofo_calibration/.project-log	tofu/project-logs/dexbot_ros2_ws备份/dexbot_ros2_ws（复件12-切换右臂之后，还没调试好）/src/cuttofo_calibration/.project-log	3	24593
tofu	tofu/dexbot_ros2_ws备份/dexbot_ros2_ws（复件12-切换右臂之后，还没调试好）/src/cuttofo_lbot/.project-log	tofu/project-logs/dexbot_ros2_ws备份/dexbot_ros2_ws（复件12-切换右臂之后，还没调试好）/src/cuttofo_lbot/.project-log	6	180863
tofu	tofu/dexbot_ros2_ws备份/dexbot_ros2_ws（复件12-切换右臂之后，还没调试好）/src/cuttofo_xcore/.project-log	tofu/project-logs/dexbot_ros2_ws备份/dexbot_ros2_ws（复件12-切换右臂之后，还没调试好）/src/cuttofo_xcore/.project-log	9	317885
tofu	tofu/dexbot_ros2_ws备份/dexbot_ros2_ws（复件12-切换右臂之后，还没调试好）/src/gui/.project-log	tofu/project-logs/dexbot_ros2_ws备份/dexbot_ros2_ws（复件12-切换右臂之后，还没调试好）/src/gui/.project-log	3	70352
tofu	tofu/dexbot_ros2_ws备份/dexbot_ros2_ws（复件12-切换右臂之后，还没调试好）/src/gui_backup/gui/.project-log	tofu/project-logs/dexbot_ros2_ws备份/dexbot_ros2_ws（复件12-切换右臂之后，还没调试好）/src/gui_backup/gui/.project-log	3	38894
tofu	tofu/dexbot_ros2_ws备份/dexbot_ros2_ws（复件12-切换右臂之后，还没调试好）/src/gui_backup/gui2/.project-log	tofu/project-logs/dexbot_ros2_ws备份/dexbot_ros2_ws（复件12-切换右臂之后，还没调试好）/src/gui_backup/gui2/.project-log	3	59283
tofu	tofu/dexbot_ros2_ws备份/dexbot_ros2_ws（复件13-修复了一些阶段7的下切BUG）/src/cuttofo_calibration/.project-log	tofu/project-logs/dexbot_ros2_ws备份/dexbot_ros2_ws（复件13-修复了一些阶段7的下切BUG）/src/cuttofo_calibration/.project-log	3	24593
tofu	tofu/dexbot_ros2_ws备份/dexbot_ros2_ws（复件13-修复了一些阶段7的下切BUG）/src/cuttofo_lbot/.project-log	tofu/project-logs/dexbot_ros2_ws备份/dexbot_ros2_ws（复件13-修复了一些阶段7的下切BUG）/src/cuttofo_lbot/.project-log	6	180863
tofu	tofu/dexbot_ros2_ws备份/dexbot_ros2_ws（复件13-修复了一些阶段7的下切BUG）/src/cuttofo_xcore/.project-log	tofu/project-logs/dexbot_ros2_ws备份/dexbot_ros2_ws（复件13-修复了一些阶段7的下切BUG）/src/cuttofo_xcore/.project-log	9	319460
tofu	tofu/dexbot_ros2_ws备份/dexbot_ros2_ws（复件13-修复了一些阶段7的下切BUG）/src/gui/.project-log	tofu/project-logs/dexbot_ros2_ws备份/dexbot_ros2_ws（复件13-修复了一些阶段7的下切BUG）/src/gui/.project-log	3	70352
tofu	tofu/dexbot_ros2_ws备份/dexbot_ros2_ws（复件13-修复了一些阶段7的下切BUG）/src/gui_backup/gui/.project-log	tofu/project-logs/dexbot_ros2_ws备份/dexbot_ros2_ws（复件13-修复了一些阶段7的下切BUG）/src/gui_backup/gui/.project-log	3	38894
tofu	tofu/dexbot_ros2_ws备份/dexbot_ros2_ws（复件13-修复了一些阶段7的下切BUG）/src/gui_backup/gui2/.project-log	tofu/project-logs/dexbot_ros2_ws备份/dexbot_ros2_ws（复件13-修复了一些阶段7的下切BUG）/src/gui_backup/gui2/.project-log	3	59283
tofu	tofu/dexbot_ros2_ws备份/dexbot_ros2_ws（复件14-目前暂时没问题的版本）/src/cuttofo_calibration/.project-log	tofu/project-logs/dexbot_ros2_ws备份/dexbot_ros2_ws（复件14-目前暂时没问题的版本）/src/cuttofo_calibration/.project-log	3	24593
tofu	tofu/dexbot_ros2_ws备份/dexbot_ros2_ws（复件14-目前暂时没问题的版本）/src/cuttofo_lbot/.project-log	tofu/project-logs/dexbot_ros2_ws备份/dexbot_ros2_ws（复件14-目前暂时没问题的版本）/src/cuttofo_lbot/.project-log	6	180863
tofu	tofu/dexbot_ros2_ws备份/dexbot_ros2_ws（复件14-目前暂时没问题的版本）/src/cuttofo_xcore/.project-log	tofu/project-logs/dexbot_ros2_ws备份/dexbot_ros2_ws（复件14-目前暂时没问题的版本）/src/cuttofo_xcore/.project-log	9	319460
tofu	tofu/dexbot_ros2_ws备份/dexbot_ros2_ws（复件14-目前暂时没问题的版本）/src/gui/.project-log	tofu/project-logs/dexbot_ros2_ws备份/dexbot_ros2_ws（复件14-目前暂时没问题的版本）/src/gui/.project-log	3	70352
tofu	tofu/dexbot_ros2_ws备份/dexbot_ros2_ws（复件14-目前暂时没问题的版本）/src/gui_backup/gui/.project-log	tofu/project-logs/dexbot_ros2_ws备份/dexbot_ros2_ws（复件14-目前暂时没问题的版本）/src/gui_backup/gui/.project-log	3	38894
tofu	tofu/dexbot_ros2_ws备份/dexbot_ros2_ws（复件14-目前暂时没问题的版本）/src/gui_backup/gui2/.project-log	tofu/project-logs/dexbot_ros2_ws备份/dexbot_ros2_ws（复件14-目前暂时没问题的版本）/src/gui_backup/gui2/.project-log	3	59283
tofu	tofu/dexbot_ros2_ws备份/dexbot_ros2_ws（复件17-重新标定相机之后的版本）/src/cuttofo_calibration/.project-log	tofu/project-logs/dexbot_ros2_ws备份/dexbot_ros2_ws（复件17-重新标定相机之后的版本）/src/cuttofo_calibration/.project-log	3	24593
tofu	tofu/dexbot_ros2_ws备份/dexbot_ros2_ws（复件17-重新标定相机之后的版本）/src/cuttofo_lbot/.project-log	tofu/project-logs/dexbot_ros2_ws备份/dexbot_ros2_ws（复件17-重新标定相机之后的版本）/src/cuttofo_lbot/.project-log	6	180863
tofu	tofu/dexbot_ros2_ws备份/dexbot_ros2_ws（复件17-重新标定相机之后的版本）/src/cuttofo_xcore/.project-log	tofu/project-logs/dexbot_ros2_ws备份/dexbot_ros2_ws（复件17-重新标定相机之后的版本）/src/cuttofo_xcore/.project-log	24	423889
tofu	tofu/dexbot_ros2_ws备份/dexbot_ros2_ws（复件17-重新标定相机之后的版本）/src/gui/.project-log	tofu/project-logs/dexbot_ros2_ws备份/dexbot_ros2_ws（复件17-重新标定相机之后的版本）/src/gui/.project-log	24	123800
tofu	tofu/dexbot_ros2_ws备份/dexbot_ros2_ws（复件17-重新标定相机之后的版本）/src/gui_backup/gui/.project-log	tofu/project-logs/dexbot_ros2_ws备份/dexbot_ros2_ws（复件17-重新标定相机之后的版本）/src/gui_backup/gui/.project-log	3	38894
tofu	tofu/dexbot_ros2_ws备份/dexbot_ros2_ws（复件17-重新标定相机之后的版本）/src/gui_backup/gui2/.project-log	tofu/project-logs/dexbot_ros2_ws备份/dexbot_ros2_ws（复件17-重新标定相机之后的版本）/src/gui_backup/gui2/.project-log	3	59283
tofu	tofu/dexbot_ros2_ws备份/dexbot_ros2_ws（复件2）/src/cuttofo_calibration/.project-log	tofu/project-logs/dexbot_ros2_ws备份/dexbot_ros2_ws（复件2）/src/cuttofo_calibration/.project-log	3	24593
tofu	tofu/dexbot_ros2_ws备份/dexbot_ros2_ws（复件2）/src/cuttofo_lbot/.project-log	tofu/project-logs/dexbot_ros2_ws备份/dexbot_ros2_ws（复件2）/src/cuttofo_lbot/.project-log	6	180863
tofu	tofu/dexbot_ros2_ws备份/dexbot_ros2_ws（复件2）/src/cuttofo_xcore/.project-log	tofu/project-logs/dexbot_ros2_ws备份/dexbot_ros2_ws（复件2）/src/cuttofo_xcore/.project-log	7	221072
tofu	tofu/dexbot_ros2_ws备份/dexbot_ros2_ws（复件2）/src/gui/.project-log	tofu/project-logs/dexbot_ros2_ws备份/dexbot_ros2_ws（复件2）/src/gui/.project-log	3	69286
tofu	tofu/dexbot_ros2_ws备份/dexbot_ros2_ws（复件2）/src/gui_backup/gui/.project-log	tofu/project-logs/dexbot_ros2_ws备份/dexbot_ros2_ws（复件2）/src/gui_backup/gui/.project-log	3	38894
tofu	tofu/dexbot_ros2_ws备份/dexbot_ros2_ws（复件2）/src/gui_backup/gui2/.project-log	tofu/project-logs/dexbot_ros2_ws备份/dexbot_ros2_ws（复件2）/src/gui_backup/gui2/.project-log	3	59283
tofu	tofu/dexbot_ros2_ws备份/dexbot_ros2_ws（复件3-15号初始）/src/cuttofo_calibration/.project-log	tofu/project-logs/dexbot_ros2_ws备份/dexbot_ros2_ws（复件3-15号初始）/src/cuttofo_calibration/.project-log	3	24593
tofu	tofu/dexbot_ros2_ws备份/dexbot_ros2_ws（复件3-15号初始）/src/cuttofo_lbot/.project-log	tofu/project-logs/dexbot_ros2_ws备份/dexbot_ros2_ws（复件3-15号初始）/src/cuttofo_lbot/.project-log	6	180863
tofu	tofu/dexbot_ros2_ws备份/dexbot_ros2_ws（复件3-15号初始）/src/cuttofo_xcore/.project-log	tofu/project-logs/dexbot_ros2_ws备份/dexbot_ros2_ws（复件3-15号初始）/src/cuttofo_xcore/.project-log	7	226564
tofu	tofu/dexbot_ros2_ws备份/dexbot_ros2_ws（复件3-15号初始）/src/gui/.project-log	tofu/project-logs/dexbot_ros2_ws备份/dexbot_ros2_ws（复件3-15号初始）/src/gui/.project-log	3	70352
tofu	tofu/dexbot_ros2_ws备份/dexbot_ros2_ws（复件3-15号初始）/src/gui_backup/gui/.project-log	tofu/project-logs/dexbot_ros2_ws备份/dexbot_ros2_ws（复件3-15号初始）/src/gui_backup/gui/.project-log	3	38894
tofu	tofu/dexbot_ros2_ws备份/dexbot_ros2_ws（复件3-15号初始）/src/gui_backup/gui2/.project-log	tofu/project-logs/dexbot_ros2_ws备份/dexbot_ros2_ws（复件3-15号初始）/src/gui_backup/gui2/.project-log	3	59283
tofu	tofu/dexbot_ros2_ws备份/dexbot_ros2_ws（复件4）/src/cuttofo_calibration/.project-log	tofu/project-logs/dexbot_ros2_ws备份/dexbot_ros2_ws（复件4）/src/cuttofo_calibration/.project-log	3	24593
tofu	tofu/dexbot_ros2_ws备份/dexbot_ros2_ws（复件4）/src/cuttofo_lbot/.project-log	tofu/project-logs/dexbot_ros2_ws备份/dexbot_ros2_ws（复件4）/src/cuttofo_lbot/.project-log	6	180863
tofu	tofu/dexbot_ros2_ws备份/dexbot_ros2_ws（复件4）/src/cuttofo_xcore/.project-log	tofu/project-logs/dexbot_ros2_ws备份/dexbot_ros2_ws（复件4）/src/cuttofo_xcore/.project-log	7	246438
tofu	tofu/dexbot_ros2_ws备份/dexbot_ros2_ws（复件4）/src/gui/.project-log	tofu/project-logs/dexbot_ros2_ws备份/dexbot_ros2_ws（复件4）/src/gui/.project-log	3	70352
tofu	tofu/dexbot_ros2_ws备份/dexbot_ros2_ws（复件4）/src/gui_backup/gui/.project-log	tofu/project-logs/dexbot_ros2_ws备份/dexbot_ros2_ws（复件4）/src/gui_backup/gui/.project-log	3	38894
tofu	tofu/dexbot_ros2_ws备份/dexbot_ros2_ws（复件4）/src/gui_backup/gui2/.project-log	tofu/project-logs/dexbot_ros2_ws备份/dexbot_ros2_ws（复件4）/src/gui_backup/gui2/.project-log	3	59283
tofu	tofu/dexbot_ros2_ws备份/dexbot_ros2_ws（复件5）/src/cuttofo_calibration/.project-log	tofu/project-logs/dexbot_ros2_ws备份/dexbot_ros2_ws（复件5）/src/cuttofo_calibration/.project-log	3	24593
tofu	tofu/dexbot_ros2_ws备份/dexbot_ros2_ws（复件5）/src/cuttofo_lbot/.project-log	tofu/project-logs/dexbot_ros2_ws备份/dexbot_ros2_ws（复件5）/src/cuttofo_lbot/.project-log	6	180863
tofu	tofu/dexbot_ros2_ws备份/dexbot_ros2_ws（复件5）/src/cuttofo_xcore/.project-log	tofu/project-logs/dexbot_ros2_ws备份/dexbot_ros2_ws（复件5）/src/cuttofo_xcore/.project-log	7	247681
tofu	tofu/dexbot_ros2_ws备份/dexbot_ros2_ws（复件5）/src/gui/.project-log	tofu/project-logs/dexbot_ros2_ws备份/dexbot_ros2_ws（复件5）/src/gui/.project-log	3	70352
tofu	tofu/dexbot_ros2_ws备份/dexbot_ros2_ws（复件5）/src/gui_backup/gui/.project-log	tofu/project-logs/dexbot_ros2_ws备份/dexbot_ros2_ws（复件5）/src/gui_backup/gui/.project-log	3	38894
tofu	tofu/dexbot_ros2_ws备份/dexbot_ros2_ws（复件5）/src/gui_backup/gui2/.project-log	tofu/project-logs/dexbot_ros2_ws备份/dexbot_ros2_ws（复件5）/src/gui_backup/gui2/.project-log	3	59283
tofu	tofu/dexbot_ros2_ws备份/dexbot_ros2_ws（复件6）/src/cuttofo_calibration/.project-log	tofu/project-logs/dexbot_ros2_ws备份/dexbot_ros2_ws（复件6）/src/cuttofo_calibration/.project-log	3	24593
tofu	tofu/dexbot_ros2_ws备份/dexbot_ros2_ws（复件6）/src/cuttofo_lbot/.project-log	tofu/project-logs/dexbot_ros2_ws备份/dexbot_ros2_ws（复件6）/src/cuttofo_lbot/.project-log	6	180863
tofu	tofu/dexbot_ros2_ws备份/dexbot_ros2_ws（复件6）/src/cuttofo_xcore/.project-log	tofu/project-logs/dexbot_ros2_ws备份/dexbot_ros2_ws（复件6）/src/cuttofo_xcore/.project-log	7	249026
tofu	tofu/dexbot_ros2_ws备份/dexbot_ros2_ws（复件6）/src/gui/.project-log	tofu/project-logs/dexbot_ros2_ws备份/dexbot_ros2_ws（复件6）/src/gui/.project-log	3	70352
tofu	tofu/dexbot_ros2_ws备份/dexbot_ros2_ws（复件6）/src/gui_backup/gui/.project-log	tofu/project-logs/dexbot_ros2_ws备份/dexbot_ros2_ws（复件6）/src/gui_backup/gui/.project-log	3	38894
tofu	tofu/dexbot_ros2_ws备份/dexbot_ros2_ws（复件6）/src/gui_backup/gui2/.project-log	tofu/project-logs/dexbot_ros2_ws备份/dexbot_ros2_ws（复件6）/src/gui_backup/gui2/.project-log	3	59283
tofu	tofu/dexbot_ros2_ws备份/dexbot_ros2_ws（复件7）/src/cuttofo_calibration/.project-log	tofu/project-logs/dexbot_ros2_ws备份/dexbot_ros2_ws（复件7）/src/cuttofo_calibration/.project-log	3	24593
tofu	tofu/dexbot_ros2_ws备份/dexbot_ros2_ws（复件7）/src/cuttofo_lbot/.project-log	tofu/project-logs/dexbot_ros2_ws备份/dexbot_ros2_ws（复件7）/src/cuttofo_lbot/.project-log	6	180863
tofu	tofu/dexbot_ros2_ws备份/dexbot_ros2_ws（复件7）/src/cuttofo_xcore/.project-log	tofu/project-logs/dexbot_ros2_ws备份/dexbot_ros2_ws（复件7）/src/cuttofo_xcore/.project-log	7	265102
tofu	tofu/dexbot_ros2_ws备份/dexbot_ros2_ws（复件7）/src/gui/.project-log	tofu/project-logs/dexbot_ros2_ws备份/dexbot_ros2_ws（复件7）/src/gui/.project-log	3	70352
tofu	tofu/dexbot_ros2_ws备份/dexbot_ros2_ws（复件7）/src/gui_backup/gui/.project-log	tofu/project-logs/dexbot_ros2_ws备份/dexbot_ros2_ws（复件7）/src/gui_backup/gui/.project-log	3	38894
tofu	tofu/dexbot_ros2_ws备份/dexbot_ros2_ws（复件7）/src/gui_backup/gui2/.project-log	tofu/project-logs/dexbot_ros2_ws备份/dexbot_ros2_ws（复件7）/src/gui_backup/gui2/.project-log	3	59283
tofu	tofu/dexbot_ros2_ws备份/dexbot_ros2_ws（复件8中间，旋转不行）/src/cuttofo_calibration/.project-log	tofu/project-logs/dexbot_ros2_ws备份/dexbot_ros2_ws（复件8中间，旋转不行）/src/cuttofo_calibration/.project-log	3	24593
tofu	tofu/dexbot_ros2_ws备份/dexbot_ros2_ws（复件8中间，旋转不行）/src/cuttofo_lbot/.project-log	tofu/project-logs/dexbot_ros2_ws备份/dexbot_ros2_ws（复件8中间，旋转不行）/src/cuttofo_lbot/.project-log	6	180863
tofu	tofu/dexbot_ros2_ws备份/dexbot_ros2_ws（复件8中间，旋转不行）/src/cuttofo_xcore/.project-log	tofu/project-logs/dexbot_ros2_ws备份/dexbot_ros2_ws（复件8中间，旋转不行）/src/cuttofo_xcore/.project-log	7	271332
tofu	tofu/dexbot_ros2_ws备份/dexbot_ros2_ws（复件8中间，旋转不行）/src/gui/.project-log	tofu/project-logs/dexbot_ros2_ws备份/dexbot_ros2_ws（复件8中间，旋转不行）/src/gui/.project-log	3	70352
tofu	tofu/dexbot_ros2_ws备份/dexbot_ros2_ws（复件8中间，旋转不行）/src/gui_backup/gui/.project-log	tofu/project-logs/dexbot_ros2_ws备份/dexbot_ros2_ws（复件8中间，旋转不行）/src/gui_backup/gui/.project-log	3	38894
tofu	tofu/dexbot_ros2_ws备份/dexbot_ros2_ws（复件8中间，旋转不行）/src/gui_backup/gui2/.project-log	tofu/project-logs/dexbot_ros2_ws备份/dexbot_ros2_ws（复件8中间，旋转不行）/src/gui_backup/gui2/.project-log	3	59283
tofu	tofu/dexbot_ros2_ws备份/dexbot_ros2_ws（复件9,phase1-5没问题）/src/cuttofo_calibration/.project-log	tofu/project-logs/dexbot_ros2_ws备份/dexbot_ros2_ws（复件9,phase1-5没问题）/src/cuttofo_calibration/.project-log	3	24593
tofu	tofu/dexbot_ros2_ws备份/dexbot_ros2_ws（复件9,phase1-5没问题）/src/cuttofo_lbot/.project-log	tofu/project-logs/dexbot_ros2_ws备份/dexbot_ros2_ws（复件9,phase1-5没问题）/src/cuttofo_lbot/.project-log	6	180863
tofu	tofu/dexbot_ros2_ws备份/dexbot_ros2_ws（复件9,phase1-5没问题）/src/cuttofo_xcore/.project-log	tofu/project-logs/dexbot_ros2_ws备份/dexbot_ros2_ws（复件9,phase1-5没问题）/src/cuttofo_xcore/.project-log	7	284314
tofu	tofu/dexbot_ros2_ws备份/dexbot_ros2_ws（复件9,phase1-5没问题）/src/gui/.project-log	tofu/project-logs/dexbot_ros2_ws备份/dexbot_ros2_ws（复件9,phase1-5没问题）/src/gui/.project-log	3	70352
tofu	tofu/dexbot_ros2_ws备份/dexbot_ros2_ws（复件9,phase1-5没问题）/src/gui_backup/gui/.project-log	tofu/project-logs/dexbot_ros2_ws备份/dexbot_ros2_ws（复件9,phase1-5没问题）/src/gui_backup/gui/.project-log	3	38894
tofu	tofu/dexbot_ros2_ws备份/dexbot_ros2_ws（复件9,phase1-5没问题）/src/gui_backup/gui2/.project-log	tofu/project-logs/dexbot_ros2_ws备份/dexbot_ros2_ws（复件9,phase1-5没问题）/src/gui_backup/gui2/.project-log	3	59283
tofu	tofu/dexbot_ros2_ws备份/dexbot_ros2_ws（附件15-准备集成抓刀逻辑）/src/cuttofo_calibration/.project-log	tofu/project-logs/dexbot_ros2_ws备份/dexbot_ros2_ws（附件15-准备集成抓刀逻辑）/src/cuttofo_calibration/.project-log	3	24593
tofu	tofu/dexbot_ros2_ws备份/dexbot_ros2_ws（附件15-准备集成抓刀逻辑）/src/cuttofo_lbot/.project-log	tofu/project-logs/dexbot_ros2_ws备份/dexbot_ros2_ws（附件15-准备集成抓刀逻辑）/src/cuttofo_lbot/.project-log	6	180863
tofu	tofu/dexbot_ros2_ws备份/dexbot_ros2_ws（附件15-准备集成抓刀逻辑）/src/cuttofo_xcore/.project-log	tofu/project-logs/dexbot_ros2_ws备份/dexbot_ros2_ws（附件15-准备集成抓刀逻辑）/src/cuttofo_xcore/.project-log	24	410445
tofu	tofu/dexbot_ros2_ws备份/dexbot_ros2_ws（附件15-准备集成抓刀逻辑）/src/gui/.project-log	tofu/project-logs/dexbot_ros2_ws备份/dexbot_ros2_ws（附件15-准备集成抓刀逻辑）/src/gui/.project-log	3	70352
tofu	tofu/dexbot_ros2_ws备份/dexbot_ros2_ws（附件15-准备集成抓刀逻辑）/src/gui_backup/gui/.project-log	tofu/project-logs/dexbot_ros2_ws备份/dexbot_ros2_ws（附件15-准备集成抓刀逻辑）/src/gui_backup/gui/.project-log	3	38894
tofu	tofu/dexbot_ros2_ws备份/dexbot_ros2_ws（附件15-准备集成抓刀逻辑）/src/gui_backup/gui2/.project-log	tofu/project-logs/dexbot_ros2_ws备份/dexbot_ros2_ws（附件15-准备集成抓刀逻辑）/src/gui_backup/gui2/.project-log	3	59283
tofu	tofu/dexbot_ros2_ws备份/dexbot_ros2_ws（附件16-阶段3有BUG会抽搐的版本）/src/cuttofo_calibration/.project-log	tofu/project-logs/dexbot_ros2_ws备份/dexbot_ros2_ws（附件16-阶段3有BUG会抽搐的版本）/src/cuttofo_calibration/.project-log	3	24593
tofu	tofu/dexbot_ros2_ws备份/dexbot_ros2_ws（附件16-阶段3有BUG会抽搐的版本）/src/cuttofo_lbot/.project-log	tofu/project-logs/dexbot_ros2_ws备份/dexbot_ros2_ws（附件16-阶段3有BUG会抽搐的版本）/src/cuttofo_lbot/.project-log	6	180863
tofu	tofu/dexbot_ros2_ws备份/dexbot_ros2_ws（附件16-阶段3有BUG会抽搐的版本）/src/cuttofo_xcore/.project-log	tofu/project-logs/dexbot_ros2_ws备份/dexbot_ros2_ws（附件16-阶段3有BUG会抽搐的版本）/src/cuttofo_xcore/.project-log	24	423889
tofu	tofu/dexbot_ros2_ws备份/dexbot_ros2_ws（附件16-阶段3有BUG会抽搐的版本）/src/gui/.project-log	tofu/project-logs/dexbot_ros2_ws备份/dexbot_ros2_ws（附件16-阶段3有BUG会抽搐的版本）/src/gui/.project-log	24	123800
tofu	tofu/dexbot_ros2_ws备份/dexbot_ros2_ws（附件16-阶段3有BUG会抽搐的版本）/src/gui_backup/gui/.project-log	tofu/project-logs/dexbot_ros2_ws备份/dexbot_ros2_ws（附件16-阶段3有BUG会抽搐的版本）/src/gui_backup/gui/.project-log	3	38894
tofu	tofu/dexbot_ros2_ws备份/dexbot_ros2_ws（附件16-阶段3有BUG会抽搐的版本）/src/gui_backup/gui2/.project-log	tofu/project-logs/dexbot_ros2_ws备份/dexbot_ros2_ws（附件16-阶段3有BUG会抽搐的版本）/src/gui_backup/gui2/.project-log	3	59283
tofu	tofu/dexbot_ros2_ws备份/dexbot_ros2_ws（附件17-开始集成抓刀的逻辑）/src/cuttofo_calibration/.project-log	tofu/project-logs/dexbot_ros2_ws备份/dexbot_ros2_ws（附件17-开始集成抓刀的逻辑）/src/cuttofo_calibration/.project-log	3	24593
tofu	tofu/dexbot_ros2_ws备份/dexbot_ros2_ws（附件17-开始集成抓刀的逻辑）/src/cuttofo_lbot/.project-log	tofu/project-logs/dexbot_ros2_ws备份/dexbot_ros2_ws（附件17-开始集成抓刀的逻辑）/src/cuttofo_lbot/.project-log	6	180863
tofu	tofu/dexbot_ros2_ws备份/dexbot_ros2_ws（附件17-开始集成抓刀的逻辑）/src/cuttofo_xcore/.project-log	tofu/project-logs/dexbot_ros2_ws备份/dexbot_ros2_ws（附件17-开始集成抓刀的逻辑）/src/cuttofo_xcore/.project-log	25	434656
tofu	tofu/dexbot_ros2_ws备份/dexbot_ros2_ws（附件17-开始集成抓刀的逻辑）/src/gui/.project-log	tofu/project-logs/dexbot_ros2_ws备份/dexbot_ros2_ws（附件17-开始集成抓刀的逻辑）/src/gui/.project-log	24	123800
tofu	tofu/dexbot_ros2_ws备份/dexbot_ros2_ws（附件17-开始集成抓刀的逻辑）/src/gui_backup/gui/.project-log	tofu/project-logs/dexbot_ros2_ws备份/dexbot_ros2_ws（附件17-开始集成抓刀的逻辑）/src/gui_backup/gui/.project-log	3	38894
tofu	tofu/dexbot_ros2_ws备份/dexbot_ros2_ws（附件17-开始集成抓刀的逻辑）/src/gui_backup/gui2/.project-log	tofu/project-logs/dexbot_ros2_ws备份/dexbot_ros2_ws（附件17-开始集成抓刀的逻辑）/src/gui_backup/gui2/.project-log	3	59283
tofu	tofu/dexbot_ros2_ws备份/dexbot_ros2_ws（附件18-初步测试可以抓刀，需要修改一下抓刀参数然后测试能不能全流程）/src/cuttofo_calibration/.project-log	tofu/project-logs/dexbot_ros2_ws备份/dexbot_ros2_ws（附件18-初步测试可以抓刀，需要修改一下抓刀参数然后测试能不能全流程）/src/cuttofo_calibration/.project-log	3	24593
tofu	tofu/dexbot_ros2_ws备份/dexbot_ros2_ws（附件18-初步测试可以抓刀，需要修改一下抓刀参数然后测试能不能全流程）/src/cuttofo_lbot/.project-log	tofu/project-logs/dexbot_ros2_ws备份/dexbot_ros2_ws（附件18-初步测试可以抓刀，需要修改一下抓刀参数然后测试能不能全流程）/src/cuttofo_lbot/.project-log	6	180863
tofu	tofu/dexbot_ros2_ws备份/dexbot_ros2_ws（附件18-初步测试可以抓刀，需要修改一下抓刀参数然后测试能不能全流程）/src/cuttofo_xcore/.project-log	tofu/project-logs/dexbot_ros2_ws备份/dexbot_ros2_ws（附件18-初步测试可以抓刀，需要修改一下抓刀参数然后测试能不能全流程）/src/cuttofo_xcore/.project-log	28	491787
tofu	tofu/dexbot_ros2_ws备份/dexbot_ros2_ws（附件18-初步测试可以抓刀，需要修改一下抓刀参数然后测试能不能全流程）/src/gui/.project-log	tofu/project-logs/dexbot_ros2_ws备份/dexbot_ros2_ws（附件18-初步测试可以抓刀，需要修改一下抓刀参数然后测试能不能全流程）/src/gui/.project-log	24	123800
tofu	tofu/dexbot_ros2_ws备份/dexbot_ros2_ws（附件18-初步测试可以抓刀，需要修改一下抓刀参数然后测试能不能全流程）/src/gui_backup/gui/.project-log	tofu/project-logs/dexbot_ros2_ws备份/dexbot_ros2_ws（附件18-初步测试可以抓刀，需要修改一下抓刀参数然后测试能不能全流程）/src/gui_backup/gui/.project-log	3	38894
tofu	tofu/dexbot_ros2_ws备份/dexbot_ros2_ws（附件18-初步测试可以抓刀，需要修改一下抓刀参数然后测试能不能全流程）/src/gui_backup/gui2/.project-log	tofu/project-logs/dexbot_ros2_ws备份/dexbot_ros2_ws（附件18-初步测试可以抓刀，需要修改一下抓刀参数然后测试能不能全流程）/src/gui_backup/gui2/.project-log	3	59283
tofu	tofu/dexbot_ros2_ws备份/dexbot_ros2_ws（附件19-全流程能串但是拔刀之后切豆腐会抽搐）/src/cuttofo_calibration/.project-log	tofu/project-logs/dexbot_ros2_ws备份/dexbot_ros2_ws（附件19-全流程能串但是拔刀之后切豆腐会抽搐）/src/cuttofo_calibration/.project-log	3	24593
tofu	tofu/dexbot_ros2_ws备份/dexbot_ros2_ws（附件19-全流程能串但是拔刀之后切豆腐会抽搐）/src/cuttofo_lbot/.project-log	tofu/project-logs/dexbot_ros2_ws备份/dexbot_ros2_ws（附件19-全流程能串但是拔刀之后切豆腐会抽搐）/src/cuttofo_lbot/.project-log	6	180863
tofu	tofu/dexbot_ros2_ws备份/dexbot_ros2_ws（附件19-全流程能串但是拔刀之后切豆腐会抽搐）/src/cuttofo_xcore/.project-log	tofu/project-logs/dexbot_ros2_ws备份/dexbot_ros2_ws（附件19-全流程能串但是拔刀之后切豆腐会抽搐）/src/cuttofo_xcore/.project-log	28	508578
tofu	tofu/dexbot_ros2_ws备份/dexbot_ros2_ws（附件19-全流程能串但是拔刀之后切豆腐会抽搐）/src/gui/.project-log	tofu/project-logs/dexbot_ros2_ws备份/dexbot_ros2_ws（附件19-全流程能串但是拔刀之后切豆腐会抽搐）/src/gui/.project-log	24	123800
tofu	tofu/dexbot_ros2_ws备份/dexbot_ros2_ws（附件19-全流程能串但是拔刀之后切豆腐会抽搐）/src/gui_backup/gui/.project-log	tofu/project-logs/dexbot_ros2_ws备份/dexbot_ros2_ws（附件19-全流程能串但是拔刀之后切豆腐会抽搐）/src/gui_backup/gui/.project-log	3	38894
tofu	tofu/dexbot_ros2_ws备份/dexbot_ros2_ws（附件19-全流程能串但是拔刀之后切豆腐会抽搐）/src/gui_backup/gui2/.project-log	tofu/project-logs/dexbot_ros2_ws备份/dexbot_ros2_ws（附件19-全流程能串但是拔刀之后切豆腐会抽搐）/src/gui_backup/gui2/.project-log	3	59283
tofu	tofu/dexbot_ros2_ws备份/dexbot_ros2_ws（附件20）/src/cuttofo_calibration/.project-log	tofu/project-logs/dexbot_ros2_ws备份/dexbot_ros2_ws（附件20）/src/cuttofo_calibration/.project-log	3	24593
tofu	tofu/dexbot_ros2_ws备份/dexbot_ros2_ws（附件20）/src/cuttofo_lbot/.project-log	tofu/project-logs/dexbot_ros2_ws备份/dexbot_ros2_ws（附件20）/src/cuttofo_lbot/.project-log	6	180863
tofu	tofu/dexbot_ros2_ws备份/dexbot_ros2_ws（附件20）/src/cuttofo_xcore/.project-log	tofu/project-logs/dexbot_ros2_ws备份/dexbot_ros2_ws（附件20）/src/cuttofo_xcore/.project-log	28	512065
tofu	tofu/dexbot_ros2_ws备份/dexbot_ros2_ws（附件20）/src/gui/.project-log	tofu/project-logs/dexbot_ros2_ws备份/dexbot_ros2_ws（附件20）/src/gui/.project-log	24	123800
tofu	tofu/dexbot_ros2_ws备份/dexbot_ros2_ws（附件20）/src/gui_backup/gui/.project-log	tofu/project-logs/dexbot_ros2_ws备份/dexbot_ros2_ws（附件20）/src/gui_backup/gui/.project-log	3	38894
tofu	tofu/dexbot_ros2_ws备份/dexbot_ros2_ws（附件20）/src/gui_backup/gui2/.project-log	tofu/project-logs/dexbot_ros2_ws备份/dexbot_ros2_ws（附件20）/src/gui_backup/gui2/.project-log	3	59283
tofu	tofu/dexbot_ros2_ws备份/dexbot_ros2_ws（附件21-全流程参数最优版）/src/cuttofo_calibration/.project-log	tofu/project-logs/dexbot_ros2_ws备份/dexbot_ros2_ws（附件21-全流程参数最优版）/src/cuttofo_calibration/.project-log	3	24593
tofu	tofu/dexbot_ros2_ws备份/dexbot_ros2_ws（附件21-全流程参数最优版）/src/cuttofo_lbot/.project-log	tofu/project-logs/dexbot_ros2_ws备份/dexbot_ros2_ws（附件21-全流程参数最优版）/src/cuttofo_lbot/.project-log	6	180863
tofu	tofu/dexbot_ros2_ws备份/dexbot_ros2_ws（附件21-全流程参数最优版）/src/cuttofo_xcore/.project-log	tofu/project-logs/dexbot_ros2_ws备份/dexbot_ros2_ws（附件21-全流程参数最优版）/src/cuttofo_xcore/.project-log	28	512065
tofu	tofu/dexbot_ros2_ws备份/dexbot_ros2_ws（附件21-全流程参数最优版）/src/gui/.project-log	tofu/project-logs/dexbot_ros2_ws备份/dexbot_ros2_ws（附件21-全流程参数最优版）/src/gui/.project-log	24	123800
tofu	tofu/dexbot_ros2_ws备份/dexbot_ros2_ws（附件21-全流程参数最优版）/src/gui_backup/gui/.project-log	tofu/project-logs/dexbot_ros2_ws备份/dexbot_ros2_ws（附件21-全流程参数最优版）/src/gui_backup/gui/.project-log	3	38894
tofu	tofu/dexbot_ros2_ws备份/dexbot_ros2_ws（附件21-全流程参数最优版）/src/gui_backup/gui2/.project-log	tofu/project-logs/dexbot_ros2_ws备份/dexbot_ros2_ws（附件21-全流程参数最优版）/src/gui_backup/gui2/.project-log	3	59283
tofu	tofu/dexbot_ros2_ws备份/dexbot_ros2_ws（附件23-拔刀修好了，但是阶段2还是不会动有BUG）/.project-log	tofu/project-logs/dexbot_ros2_ws备份/dexbot_ros2_ws（附件23-拔刀修好了，但是阶段2还是不会动有BUG）/.project-log	0	0
tofu	tofu/dexbot_ros2_ws备份/dexbot_ros2_ws（附件23-拔刀修好了，但是阶段2还是不会动有BUG）/src/cuttofo_calibration/.project-log	tofu/project-logs/dexbot_ros2_ws备份/dexbot_ros2_ws（附件23-拔刀修好了，但是阶段2还是不会动有BUG）/src/cuttofo_calibration/.project-log	4	37632
tofu	tofu/dexbot_ros2_ws备份/dexbot_ros2_ws（附件23-拔刀修好了，但是阶段2还是不会动有BUG）/src/cuttofo_lbot/.project-log	tofu/project-logs/dexbot_ros2_ws备份/dexbot_ros2_ws（附件23-拔刀修好了，但是阶段2还是不会动有BUG）/src/cuttofo_lbot/.project-log	6	180863
tofu	tofu/dexbot_ros2_ws备份/dexbot_ros2_ws（附件23-拔刀修好了，但是阶段2还是不会动有BUG）/src/cuttofo_xcore/.project-log	tofu/project-logs/dexbot_ros2_ws备份/dexbot_ros2_ws（附件23-拔刀修好了，但是阶段2还是不会动有BUG）/src/cuttofo_xcore/.project-log	29	580298
tofu	tofu/dexbot_ros2_ws备份/dexbot_ros2_ws（附件23-拔刀修好了，但是阶段2还是不会动有BUG）/src/gui/.project-log	tofu/project-logs/dexbot_ros2_ws备份/dexbot_ros2_ws（附件23-拔刀修好了，但是阶段2还是不会动有BUG）/src/gui/.project-log	24	123800
tofu	tofu/dexbot_ros2_ws备份/dexbot_ros2_ws（附件23-拔刀修好了，但是阶段2还是不会动有BUG）/src/gui_backup/gui/.project-log	tofu/project-logs/dexbot_ros2_ws备份/dexbot_ros2_ws（附件23-拔刀修好了，但是阶段2还是不会动有BUG）/src/gui_backup/gui/.project-log	3	38894
tofu	tofu/dexbot_ros2_ws备份/dexbot_ros2_ws（附件23-拔刀修好了，但是阶段2还是不会动有BUG）/src/gui_backup/gui2/.project-log	tofu/project-logs/dexbot_ros2_ws备份/dexbot_ros2_ws（附件23-拔刀修好了，但是阶段2还是不会动有BUG）/src/gui_backup/gui2/.project-log	3	59283
tofu	tofu/dexbot_ros2_ws备份/dexbot_ros2_ws（附件25-视觉优化第一版本）/.project-log	tofu/project-logs/dexbot_ros2_ws备份/dexbot_ros2_ws（附件25-视觉优化第一版本）/.project-log	0	0
tofu	tofu/dexbot_ros2_ws备份/dexbot_ros2_ws（附件25-视觉优化第一版本）/src/cuttofo_calibration/.project-log	tofu/project-logs/dexbot_ros2_ws备份/dexbot_ros2_ws（附件25-视觉优化第一版本）/src/cuttofo_calibration/.project-log	4	37632
tofu	tofu/dexbot_ros2_ws备份/dexbot_ros2_ws（附件25-视觉优化第一版本）/src/cuttofo_lbot/.project-log	tofu/project-logs/dexbot_ros2_ws备份/dexbot_ros2_ws（附件25-视觉优化第一版本）/src/cuttofo_lbot/.project-log	6	180863
tofu	tofu/dexbot_ros2_ws备份/dexbot_ros2_ws（附件25-视觉优化第一版本）/src/cuttofo_xcore/.project-log	tofu/project-logs/dexbot_ros2_ws备份/dexbot_ros2_ws（附件25-视觉优化第一版本）/src/cuttofo_xcore/.project-log	29	561435
tofu	tofu/dexbot_ros2_ws备份/dexbot_ros2_ws（附件25-视觉优化第一版本）/src/gui/.project-log	tofu/project-logs/dexbot_ros2_ws备份/dexbot_ros2_ws（附件25-视觉优化第一版本）/src/gui/.project-log	24	123800
tofu	tofu/dexbot_ros2_ws备份/dexbot_ros2_ws（附件25-视觉优化第一版本）/src/gui_backup/gui/.project-log	tofu/project-logs/dexbot_ros2_ws备份/dexbot_ros2_ws（附件25-视觉优化第一版本）/src/gui_backup/gui/.project-log	3	38894
tofu	tofu/dexbot_ros2_ws备份/dexbot_ros2_ws（附件25-视觉优化第一版本）/src/gui_backup/gui2/.project-log	tofu/project-logs/dexbot_ros2_ws备份/dexbot_ros2_ws（附件25-视觉优化第一版本）/src/gui_backup/gui2/.project-log	3	59283
tofu	tofu/dexbot_ros2_ws备份/dexbot_ros2_ws（附件26-继续优化）/.project-log	tofu/project-logs/dexbot_ros2_ws备份/dexbot_ros2_ws（附件26-继续优化）/.project-log	0	0
tofu	tofu/dexbot_ros2_ws备份/dexbot_ros2_ws（附件26-继续优化）/src/cuttofo_calibration/.project-log	tofu/project-logs/dexbot_ros2_ws备份/dexbot_ros2_ws（附件26-继续优化）/src/cuttofo_calibration/.project-log	4	37632
tofu	tofu/dexbot_ros2_ws备份/dexbot_ros2_ws（附件26-继续优化）/src/cuttofo_lbot/.project-log	tofu/project-logs/dexbot_ros2_ws备份/dexbot_ros2_ws（附件26-继续优化）/src/cuttofo_lbot/.project-log	6	180863
tofu	tofu/dexbot_ros2_ws备份/dexbot_ros2_ws（附件26-继续优化）/src/cuttofo_xcore/.project-log	tofu/project-logs/dexbot_ros2_ws备份/dexbot_ros2_ws（附件26-继续优化）/src/cuttofo_xcore/.project-log	29	576282
tofu	tofu/dexbot_ros2_ws备份/dexbot_ros2_ws（附件26-继续优化）/src/gui/.project-log	tofu/project-logs/dexbot_ros2_ws备份/dexbot_ros2_ws（附件26-继续优化）/src/gui/.project-log	24	123800
tofu	tofu/dexbot_ros2_ws备份/dexbot_ros2_ws（附件26-继续优化）/src/gui_backup/gui/.project-log	tofu/project-logs/dexbot_ros2_ws备份/dexbot_ros2_ws（附件26-继续优化）/src/gui_backup/gui/.project-log	3	38894
tofu	tofu/dexbot_ros2_ws备份/dexbot_ros2_ws（附件26-继续优化）/src/gui_backup/gui2/.project-log	tofu/project-logs/dexbot_ros2_ws备份/dexbot_ros2_ws（附件26-继续优化）/src/gui_backup/gui2/.project-log	3	59283
tofu	tofu/dexbot_ros2_ws备份/dexbot_ros2_ws（附件27-视觉优化版本2）/.project-log	tofu/project-logs/dexbot_ros2_ws备份/dexbot_ros2_ws（附件27-视觉优化版本2）/.project-log	0	0
tofu	tofu/dexbot_ros2_ws备份/dexbot_ros2_ws（附件27-视觉优化版本2）/src/cuttofo_calibration/.project-log	tofu/project-logs/dexbot_ros2_ws备份/dexbot_ros2_ws（附件27-视觉优化版本2）/src/cuttofo_calibration/.project-log	4	37632
tofu	tofu/dexbot_ros2_ws备份/dexbot_ros2_ws（附件27-视觉优化版本2）/src/cuttofo_lbot/.project-log	tofu/project-logs/dexbot_ros2_ws备份/dexbot_ros2_ws（附件27-视觉优化版本2）/src/cuttofo_lbot/.project-log	6	180863
tofu	tofu/dexbot_ros2_ws备份/dexbot_ros2_ws（附件27-视觉优化版本2）/src/cuttofo_xcore/.project-log	tofu/project-logs/dexbot_ros2_ws备份/dexbot_ros2_ws（附件27-视觉优化版本2）/src/cuttofo_xcore/.project-log	29	586014
tofu	tofu/dexbot_ros2_ws备份/dexbot_ros2_ws（附件27-视觉优化版本2）/src/gui/.project-log	tofu/project-logs/dexbot_ros2_ws备份/dexbot_ros2_ws（附件27-视觉优化版本2）/src/gui/.project-log	24	123800
tofu	tofu/dexbot_ros2_ws备份/dexbot_ros2_ws（附件27-视觉优化版本2）/src/gui_backup/gui/.project-log	tofu/project-logs/dexbot_ros2_ws备份/dexbot_ros2_ws（附件27-视觉优化版本2）/src/gui_backup/gui/.project-log	3	38894
tofu	tofu/dexbot_ros2_ws备份/dexbot_ros2_ws（附件27-视觉优化版本2）/src/gui_backup/gui2/.project-log	tofu/project-logs/dexbot_ros2_ws备份/dexbot_ros2_ws（附件27-视觉优化版本2）/src/gui_backup/gui2/.project-log	3	59283
tofu	tofu/dexbot_ros2_ws备份/dexbot_ros2_ws（附件28-准备优化阶段7的切割逻辑）/.project-log	tofu/project-logs/dexbot_ros2_ws备份/dexbot_ros2_ws（附件28-准备优化阶段7的切割逻辑）/.project-log	0	0
tofu	tofu/dexbot_ros2_ws备份/dexbot_ros2_ws（附件28-准备优化阶段7的切割逻辑）/src/cuttofo_calibration/.project-log	tofu/project-logs/dexbot_ros2_ws备份/dexbot_ros2_ws（附件28-准备优化阶段7的切割逻辑）/src/cuttofo_calibration/.project-log	4	37632
tofu	tofu/dexbot_ros2_ws备份/dexbot_ros2_ws（附件28-准备优化阶段7的切割逻辑）/src/cuttofo_lbot/.project-log	tofu/project-logs/dexbot_ros2_ws备份/dexbot_ros2_ws（附件28-准备优化阶段7的切割逻辑）/src/cuttofo_lbot/.project-log	6	180863
tofu	tofu/dexbot_ros2_ws备份/dexbot_ros2_ws（附件28-准备优化阶段7的切割逻辑）/src/cuttofo_xcore/.project-log	tofu/project-logs/dexbot_ros2_ws备份/dexbot_ros2_ws（附件28-准备优化阶段7的切割逻辑）/src/cuttofo_xcore/.project-log	29	588836
tofu	tofu/dexbot_ros2_ws备份/dexbot_ros2_ws（附件28-准备优化阶段7的切割逻辑）/src/gui/.project-log	tofu/project-logs/dexbot_ros2_ws备份/dexbot_ros2_ws（附件28-准备优化阶段7的切割逻辑）/src/gui/.project-log	24	123800
tofu	tofu/dexbot_ros2_ws备份/dexbot_ros2_ws（附件28-准备优化阶段7的切割逻辑）/src/gui_backup/gui/.project-log	tofu/project-logs/dexbot_ros2_ws备份/dexbot_ros2_ws（附件28-准备优化阶段7的切割逻辑）/src/gui_backup/gui/.project-log	3	38894
tofu	tofu/dexbot_ros2_ws备份/dexbot_ros2_ws（附件28-准备优化阶段7的切割逻辑）/src/gui_backup/gui2/.project-log	tofu/project-logs/dexbot_ros2_ws备份/dexbot_ros2_ws（附件28-准备优化阶段7的切割逻辑）/src/gui_backup/gui2/.project-log	3	59283
tofu	tofu/dexbot_ros2_ws备份/dexbot_ros2_ws（附件29-23号最终版本）/.project-log	tofu/project-logs/dexbot_ros2_ws备份/dexbot_ros2_ws（附件29-23号最终版本）/.project-log	0	0
tofu	tofu/dexbot_ros2_ws备份/dexbot_ros2_ws（附件29-23号最终版本）/src/cuttofo_calibration/.project-log	tofu/project-logs/dexbot_ros2_ws备份/dexbot_ros2_ws（附件29-23号最终版本）/src/cuttofo_calibration/.project-log	4	37632
tofu	tofu/dexbot_ros2_ws备份/dexbot_ros2_ws（附件29-23号最终版本）/src/cuttofo_lbot/.project-log	tofu/project-logs/dexbot_ros2_ws备份/dexbot_ros2_ws（附件29-23号最终版本）/src/cuttofo_lbot/.project-log	6	180863
tofu	tofu/dexbot_ros2_ws备份/dexbot_ros2_ws（附件29-23号最终版本）/src/cuttofo_xcore/.project-log	tofu/project-logs/dexbot_ros2_ws备份/dexbot_ros2_ws（附件29-23号最终版本）/src/cuttofo_xcore/.project-log	29	594245
tofu	tofu/dexbot_ros2_ws备份/dexbot_ros2_ws（附件29-23号最终版本）/src/gui/.project-log	tofu/project-logs/dexbot_ros2_ws备份/dexbot_ros2_ws（附件29-23号最终版本）/src/gui/.project-log	24	123800
tofu	tofu/dexbot_ros2_ws备份/dexbot_ros2_ws（附件29-23号最终版本）/src/gui_backup/gui/.project-log	tofu/project-logs/dexbot_ros2_ws备份/dexbot_ros2_ws（附件29-23号最终版本）/src/gui_backup/gui/.project-log	3	38894
tofu	tofu/dexbot_ros2_ws备份/dexbot_ros2_ws（附件29-23号最终版本）/src/gui_backup/gui2/.project-log	tofu/project-logs/dexbot_ros2_ws备份/dexbot_ros2_ws（附件29-23号最终版本）/src/gui_backup/gui2/.project-log	3	59283
tofu	tofu/dexbot_ros2_ws备份/dexbot_ros2_ws（附件30-开始优化过渡阶段逻辑）/.project-log	tofu/project-logs/dexbot_ros2_ws备份/dexbot_ros2_ws（附件30-开始优化过渡阶段逻辑）/.project-log	0	0
tofu	tofu/dexbot_ros2_ws备份/dexbot_ros2_ws（附件30-开始优化过渡阶段逻辑）/src/cuttofo_calibration/.project-log	tofu/project-logs/dexbot_ros2_ws备份/dexbot_ros2_ws（附件30-开始优化过渡阶段逻辑）/src/cuttofo_calibration/.project-log	4	37632
tofu	tofu/dexbot_ros2_ws备份/dexbot_ros2_ws（附件30-开始优化过渡阶段逻辑）/src/cuttofo_lbot/.project-log	tofu/project-logs/dexbot_ros2_ws备份/dexbot_ros2_ws（附件30-开始优化过渡阶段逻辑）/src/cuttofo_lbot/.project-log	6	180863
tofu	tofu/dexbot_ros2_ws备份/dexbot_ros2_ws（附件30-开始优化过渡阶段逻辑）/src/cuttofo_xcore/.project-log	tofu/project-logs/dexbot_ros2_ws备份/dexbot_ros2_ws（附件30-开始优化过渡阶段逻辑）/src/cuttofo_xcore/.project-log	29	593222
tofu	tofu/dexbot_ros2_ws备份/dexbot_ros2_ws（附件30-开始优化过渡阶段逻辑）/src/gui/.project-log	tofu/project-logs/dexbot_ros2_ws备份/dexbot_ros2_ws（附件30-开始优化过渡阶段逻辑）/src/gui/.project-log	24	123800
tofu	tofu/dexbot_ros2_ws备份/dexbot_ros2_ws（附件30-开始优化过渡阶段逻辑）/src/gui_backup/gui/.project-log	tofu/project-logs/dexbot_ros2_ws备份/dexbot_ros2_ws（附件30-开始优化过渡阶段逻辑）/src/gui_backup/gui/.project-log	3	38894
tofu	tofu/dexbot_ros2_ws备份/dexbot_ros2_ws（附件30-开始优化过渡阶段逻辑）/src/gui_backup/gui2/.project-log	tofu/project-logs/dexbot_ros2_ws备份/dexbot_ros2_ws（附件30-开始优化过渡阶段逻辑）/src/gui_backup/gui2/.project-log	3	59283
tofu	tofu/dexbot_ros2_ws备份/dexbot_ros2_ws（附件31-24号最终没问题版本）/.project-log	tofu/project-logs/dexbot_ros2_ws备份/dexbot_ros2_ws（附件31-24号最终没问题版本）/.project-log	0	0
tofu	tofu/dexbot_ros2_ws备份/dexbot_ros2_ws（附件31-24号最终没问题版本）/src/cuttofo_calibration/.project-log	tofu/project-logs/dexbot_ros2_ws备份/dexbot_ros2_ws（附件31-24号最终没问题版本）/src/cuttofo_calibration/.project-log	4	37632
tofu	tofu/dexbot_ros2_ws备份/dexbot_ros2_ws（附件31-24号最终没问题版本）/src/cuttofo_lbot/.project-log	tofu/project-logs/dexbot_ros2_ws备份/dexbot_ros2_ws（附件31-24号最终没问题版本）/src/cuttofo_lbot/.project-log	6	180863
tofu	tofu/dexbot_ros2_ws备份/dexbot_ros2_ws（附件31-24号最终没问题版本）/src/cuttofo_xcore/.project-log	tofu/project-logs/dexbot_ros2_ws备份/dexbot_ros2_ws（附件31-24号最终没问题版本）/src/cuttofo_xcore/.project-log	29	593222
tofu	tofu/dexbot_ros2_ws备份/dexbot_ros2_ws（附件31-24号最终没问题版本）/src/gui/.project-log	tofu/project-logs/dexbot_ros2_ws备份/dexbot_ros2_ws（附件31-24号最终没问题版本）/src/gui/.project-log	24	123800
tofu	tofu/dexbot_ros2_ws备份/dexbot_ros2_ws（附件31-24号最终没问题版本）/src/gui_backup/gui/.project-log	tofu/project-logs/dexbot_ros2_ws备份/dexbot_ros2_ws（附件31-24号最终没问题版本）/src/gui_backup/gui/.project-log	3	38894
tofu	tofu/dexbot_ros2_ws备份/dexbot_ros2_ws（附件31-24号最终没问题版本）/src/gui_backup/gui2/.project-log	tofu/project-logs/dexbot_ros2_ws备份/dexbot_ros2_ws（附件31-24号最终没问题版本）/src/gui_backup/gui2/.project-log	3	59283
tofu	tofu/dexbot_ros2_ws备份/dexbot_ros2_ws（附件32-准备重构框架）/.project-log	tofu/project-logs/dexbot_ros2_ws备份/dexbot_ros2_ws（附件32-准备重构框架）/.project-log	6	6614
tofu	tofu/dexbot_ros2_ws备份/dexbot_ros2_ws（附件32-准备重构框架）/src/cuttofo_calibration/.project-log	tofu/project-logs/dexbot_ros2_ws备份/dexbot_ros2_ws（附件32-准备重构框架）/src/cuttofo_calibration/.project-log	4	37632
tofu	tofu/dexbot_ros2_ws备份/dexbot_ros2_ws（附件32-准备重构框架）/src/cuttofo_lbot/.project-log	tofu/project-logs/dexbot_ros2_ws备份/dexbot_ros2_ws（附件32-准备重构框架）/src/cuttofo_lbot/.project-log	6	180863
tofu	tofu/dexbot_ros2_ws备份/dexbot_ros2_ws（附件32-准备重构框架）/src/cuttofo_xcore/.project-log	tofu/project-logs/dexbot_ros2_ws备份/dexbot_ros2_ws（附件32-准备重构框架）/src/cuttofo_xcore/.project-log	29	593222
tofu	tofu/dexbot_ros2_ws备份/dexbot_ros2_ws（附件32-准备重构框架）/src/gui/.project-log	tofu/project-logs/dexbot_ros2_ws备份/dexbot_ros2_ws（附件32-准备重构框架）/src/gui/.project-log	24	125948
tofu	tofu/dexbot_ros2_ws备份/dexbot_ros2_ws（附件32-准备重构框架）/src/gui_backup/gui/.project-log	tofu/project-logs/dexbot_ros2_ws备份/dexbot_ros2_ws（附件32-准备重构框架）/src/gui_backup/gui/.project-log	3	38894
tofu	tofu/dexbot_ros2_ws备份/dexbot_ros2_ws（附件32-准备重构框架）/src/gui_backup/gui2/.project-log	tofu/project-logs/dexbot_ros2_ws备份/dexbot_ros2_ws（附件32-准备重构框架）/src/gui_backup/gui2/.project-log	3	59283
tofu	tofu/dexbot_ros2_ws备份/dexbot_ros2_ws（附件33-垃圾版本）/.project-log	tofu/project-logs/dexbot_ros2_ws备份/dexbot_ros2_ws（附件33-垃圾版本）/.project-log	14	46148
tofu	tofu/dexbot_ros2_ws备份/dexbot_ros2_ws（附件33-垃圾版本）/src/cuttofo_calibration/.project-log	tofu/project-logs/dexbot_ros2_ws备份/dexbot_ros2_ws（附件33-垃圾版本）/src/cuttofo_calibration/.project-log	4	37637
tofu	tofu/dexbot_ros2_ws备份/dexbot_ros2_ws（附件33-垃圾版本）/src/cuttofo_xcore/.project-log	tofu/project-logs/dexbot_ros2_ws备份/dexbot_ros2_ws（附件33-垃圾版本）/src/cuttofo_xcore/.project-log	29	593327
tofu	tofu/dexbot_ros2_ws备份/dexbot_ros2_ws（附件33-垃圾版本）/src/gui/.project-log	tofu/project-logs/dexbot_ros2_ws备份/dexbot_ros2_ws（附件33-垃圾版本）/src/gui/.project-log	24	126748
vibe-coding	vibe-coding/.project-log	vibe-coding/.project-log	62	107150
worktrees	worktrees/ShangHai_718/silver-heath/ShangHai_718/.project-log	worktrees/project-logs/ShangHai_718/silver-heath/ShangHai_718/.project-log	24	24747
人物画像	人物画像/.project-log	人物画像/.project-log	12	21564
切黄瓜项目跟踪	切黄瓜项目跟踪/dexbot_ros2_ws（另一个复件）/.project-log	切黄瓜项目跟踪/project-logs/dexbot_ros2_ws（另一个复件）/.project-log	0	0
切黄瓜项目跟踪	切黄瓜项目跟踪/dexbot_ros2_ws（另一个复件）/src/cuttofo_calibration/.project-log	切黄瓜项目跟踪/project-logs/dexbot_ros2_ws（另一个复件）/src/cuttofo_calibration/.project-log	3	24593
切黄瓜项目跟踪	切黄瓜项目跟踪/dexbot_ros2_ws（另一个复件）/src/cuttofo_lbot/.project-log	切黄瓜项目跟踪/project-logs/dexbot_ros2_ws（另一个复件）/src/cuttofo_lbot/.project-log	6	180863
切黄瓜项目跟踪	切黄瓜项目跟踪/dexbot_ros2_ws（另一个复件）/src/cuttofo_xcore/.project-log	切黄瓜项目跟踪/project-logs/dexbot_ros2_ws（另一个复件）/src/cuttofo_xcore/.project-log	28	539353
切黄瓜项目跟踪	切黄瓜项目跟踪/dexbot_ros2_ws（另一个复件）/src/gui/.project-log	切黄瓜项目跟踪/project-logs/dexbot_ros2_ws（另一个复件）/src/gui/.project-log	24	123800
切黄瓜项目跟踪	切黄瓜项目跟踪/dexbot_ros2_ws（另一个复件）/src/gui_backup/gui/.project-log	切黄瓜项目跟踪/project-logs/dexbot_ros2_ws（另一个复件）/src/gui_backup/gui/.project-log	3	38894
切黄瓜项目跟踪	切黄瓜项目跟踪/dexbot_ros2_ws（另一个复件）/src/gui_backup/gui2/.project-log	切黄瓜项目跟踪/project-logs/dexbot_ros2_ws（另一个复件）/src/gui_backup/gui2/.project-log	3	59283
切黄瓜项目跟踪	切黄瓜项目跟踪/dexbot_ros2_ws（复件）/.project-log	切黄瓜项目跟踪/project-logs/dexbot_ros2_ws（复件）/.project-log	0	0
切黄瓜项目跟踪	切黄瓜项目跟踪/dexbot_ros2_ws（复件）/src/cuttofo_calibration/.project-log	切黄瓜项目跟踪/project-logs/dexbot_ros2_ws（复件）/src/cuttofo_calibration/.project-log	3	24593
切黄瓜项目跟踪	切黄瓜项目跟踪/dexbot_ros2_ws（复件）/src/cuttofo_lbot/.project-log	切黄瓜项目跟踪/project-logs/dexbot_ros2_ws（复件）/src/cuttofo_lbot/.project-log	6	180863
切黄瓜项目跟踪	切黄瓜项目跟踪/dexbot_ros2_ws（复件）/src/cuttofo_xcore/.project-log	切黄瓜项目跟踪/project-logs/dexbot_ros2_ws（复件）/src/cuttofo_xcore/.project-log	28	519115
切黄瓜项目跟踪	切黄瓜项目跟踪/dexbot_ros2_ws（复件）/src/gui/.project-log	切黄瓜项目跟踪/project-logs/dexbot_ros2_ws（复件）/src/gui/.project-log	24	123800
切黄瓜项目跟踪	切黄瓜项目跟踪/dexbot_ros2_ws（复件）/src/gui_backup/gui/.project-log	切黄瓜项目跟踪/project-logs/dexbot_ros2_ws（复件）/src/gui_backup/gui/.project-log	3	38894
切黄瓜项目跟踪	切黄瓜项目跟踪/dexbot_ros2_ws（复件）/src/gui_backup/gui2/.project-log	切黄瓜项目跟踪/project-logs/dexbot_ros2_ws（复件）/src/gui_backup/gui2/.project-log	3	59283
切黄瓜项目跟踪	切黄瓜项目跟踪/dexbot_ros2_ws（第 3 个复件）/.project-log	切黄瓜项目跟踪/project-logs/dexbot_ros2_ws（第 3 个复件）/.project-log	0	0
切黄瓜项目跟踪	切黄瓜项目跟踪/dexbot_ros2_ws（第 3 个复件）/src/cuttofo_calibration/.project-log	切黄瓜项目跟踪/project-logs/dexbot_ros2_ws（第 3 个复件）/src/cuttofo_calibration/.project-log	4	37632
切黄瓜项目跟踪	切黄瓜项目跟踪/dexbot_ros2_ws（第 3 个复件）/src/cuttofo_lbot/.project-log	切黄瓜项目跟踪/project-logs/dexbot_ros2_ws（第 3 个复件）/src/cuttofo_lbot/.project-log	6	180863
切黄瓜项目跟踪	切黄瓜项目跟踪/dexbot_ros2_ws（第 3 个复件）/src/cuttofo_xcore/.project-log	切黄瓜项目跟踪/project-logs/dexbot_ros2_ws（第 3 个复件）/src/cuttofo_xcore/.project-log	29	567998
切黄瓜项目跟踪	切黄瓜项目跟踪/dexbot_ros2_ws（第 3 个复件）/src/gui/.project-log	切黄瓜项目跟踪/project-logs/dexbot_ros2_ws（第 3 个复件）/src/gui/.project-log	24	123800
切黄瓜项目跟踪	切黄瓜项目跟踪/dexbot_ros2_ws（第 3 个复件）/src/gui_backup/gui/.project-log	切黄瓜项目跟踪/project-logs/dexbot_ros2_ws（第 3 个复件）/src/gui_backup/gui/.project-log	3	38894
切黄瓜项目跟踪	切黄瓜项目跟踪/dexbot_ros2_ws（第 3 个复件）/src/gui_backup/gui2/.project-log	切黄瓜项目跟踪/project-logs/dexbot_ros2_ws（第 3 个复件）/src/gui_backup/gui2/.project-log	3	59283
