工程分组	保留目录	保留来源	被删除重复来源	内容SHA256
cucumber	cucumber/001__dexbot_ros2_ws__src__cuttofo_xcore	cucumber/dexbot_ros2_ws/src/cuttofo_xcore/.project-log	cucumber/dexbot_ros2_ws（另一个复件）/src/cuttofo_xcore/.project-log	64d4054a500917fa9a98777541b0fd96266d0d67b6bc219e5f080595a4b0b8b1
cucumber	cucumber/001__dexbot_ros2_ws__src__cuttofo_xcore	cucumber/dexbot_ros2_ws/src/cuttofo_xcore/.project-log	cucumber/dexbot_ros2_ws（复件）/src/cuttofo_xcore/.project-log	64d4054a500917fa9a98777541b0fd96266d0d67b6bc219e5f080595a4b0b8b1
cucumber	cucumber/001__dexbot_ros2_ws__src__cuttofo_xcore	cucumber/dexbot_ros2_ws/src/cuttofo_xcore/.project-log	cucumber/dexbot_ros2_ws（第 3 个复件）/src/cuttofo_xcore/.project-log	64d4054a500917fa9a98777541b0fd96266d0d67b6bc219e5f080595a4b0b8b1
cucumber	cucumber/001__dexbot_ros2_ws__src__cuttofo_xcore	cucumber/dexbot_ros2_ws/src/cuttofo_xcore/.project-log	cucumber/备份/dexbot_ros2_ws(附件16)/src/cuttofo_xcore/.project-log	64d4054a500917fa9a98777541b0fd96266d0d67b6bc219e5f080595a4b0b8b1
cucumber	cucumber/001__dexbot_ros2_ws__src__cuttofo_xcore	cucumber/dexbot_ros2_ws/src/cuttofo_xcore/.project-log	cucumber/备份/dexbot_ros2_ws（六月11日中午）/src/cuttofo_xcore/.project-log	64d4054a500917fa9a98777541b0fd96266d0d67b6bc219e5f080595a4b0b8b1
cucumber	cucumber/002__dexbot_ros2_ws__src__dexbot_bottom_layer	cucumber/dexbot_ros2_ws/src/dexbot_bottom_layer/.project-log	cucumber/dexbot_ros2_ws（另一个复件）/src/dexbot_bottom_layer/.project-log	09bf036a8729f037a3a0ae331f77bcc983382b6e0d607082d2f97bf65f595158
cucumber	cucumber/002__dexbot_ros2_ws__src__dexbot_bottom_layer	cucumber/dexbot_ros2_ws/src/dexbot_bottom_layer/.project-log	cucumber/dexbot_ros2_ws（第 3 个复件）/src/dexbot_bottom_layer/.project-log	09bf036a8729f037a3a0ae331f77bcc983382b6e0d607082d2f97bf65f595158
cucumber	cucumber/004__dexbot_ros2_ws__src__dexbot_middle_layer__CutTofo__toolbox__cuttofo_calibration	cucumber/dexbot_ros2_ws/src/dexbot_middle_layer/CutTofo/toolbox/cuttofo_calibration/.project-log	cucumber/dexbot_ros2_ws（另一个复件）/src/dexbot_middle_layer/CutTofo/toolbox/cuttofo_calibration/.project-log	cd7b9f1775a8768d196ecdc9c1deeaa4f71807ce15bcbd8573dd444f8351b089
cucumber	cucumber/004__dexbot_ros2_ws__src__dexbot_middle_layer__CutTofo__toolbox__cuttofo_calibration	cucumber/dexbot_ros2_ws/src/dexbot_middle_layer/CutTofo/toolbox/cuttofo_calibration/.project-log	cucumber/dexbot_ros2_ws（复件）/src/dexbot_middle_layer/CutTofo/toolbox/cuttofo_calibration/.project-log	cd7b9f1775a8768d196ecdc9c1deeaa4f71807ce15bcbd8573dd444f8351b089
cucumber	cucumber/004__dexbot_ros2_ws__src__dexbot_middle_layer__CutTofo__toolbox__cuttofo_calibration	cucumber/dexbot_ros2_ws/src/dexbot_middle_layer/CutTofo/toolbox/cuttofo_calibration/.project-log	cucumber/dexbot_ros2_ws（第 3 个复件）/src/dexbot_middle_layer/CutTofo/toolbox/cuttofo_calibration/.project-log	cd7b9f1775a8768d196ecdc9c1deeaa4f71807ce15bcbd8573dd444f8351b089
cucumber	cucumber/004__dexbot_ros2_ws__src__dexbot_middle_layer__CutTofo__toolbox__cuttofo_calibration	cucumber/dexbot_ros2_ws/src/dexbot_middle_layer/CutTofo/toolbox/cuttofo_calibration/.project-log	cucumber/备份/dexbot_ros2_ws(6号修改)/src/dexbot_middle_layer/CutTofo/toolbox/cuttofo_calibration/.project-log	cd7b9f1775a8768d196ecdc9c1deeaa4f71807ce15bcbd8573dd444f8351b089
cucumber	cucumber/004__dexbot_ros2_ws__src__dexbot_middle_layer__CutTofo__toolbox__cuttofo_calibration	cucumber/dexbot_ros2_ws/src/dexbot_middle_layer/CutTofo/toolbox/cuttofo_calibration/.project-log	cucumber/备份/dexbot_ros2_ws(附件16)/src/dexbot_middle_layer/CutTofo/toolbox/cuttofo_calibration/.project-log	cd7b9f1775a8768d196ecdc9c1deeaa4f71807ce15bcbd8573dd444f8351b089
cucumber	cucumber/004__dexbot_ros2_ws__src__dexbot_middle_layer__CutTofo__toolbox__cuttofo_calibration	cucumber/dexbot_ros2_ws/src/dexbot_middle_layer/CutTofo/toolbox/cuttofo_calibration/.project-log	cucumber/备份/dexbot_ros2_ws1（附件4）/src/cuttofo_calibration/.project-log	cd7b9f1775a8768d196ecdc9c1deeaa4f71807ce15bcbd8573dd444f8351b089
cucumber	cucumber/004__dexbot_ros2_ws__src__dexbot_middle_layer__CutTofo__toolbox__cuttofo_calibration	cucumber/dexbot_ros2_ws/src/dexbot_middle_layer/CutTofo/toolbox/cuttofo_calibration/.project-log	cucumber/备份/dexbot_ros2_ws_525（原始版本）/dexbot_ros2_ws/src/dexbot_middle_layer/CutTofo/toolbox/cuttofo_calibration/.project-log	cd7b9f1775a8768d196ecdc9c1deeaa4f71807ce15bcbd8573dd444f8351b089
cucumber	cucumber/004__dexbot_ros2_ws__src__dexbot_middle_layer__CutTofo__toolbox__cuttofo_calibration	cucumber/dexbot_ros2_ws/src/dexbot_middle_layer/CutTofo/toolbox/cuttofo_calibration/.project-log	cucumber/备份/dexbot_ros2_ws_525（复件）/dexbot_ros2_ws/src/dexbot_middle_layer/CutTofo/toolbox/cuttofo_calibration/.project-log	cd7b9f1775a8768d196ecdc9c1deeaa4f71807ce15bcbd8573dd444f8351b089
cucumber	cucumber/004__dexbot_ros2_ws__src__dexbot_middle_layer__CutTofo__toolbox__cuttofo_calibration	cucumber/dexbot_ros2_ws/src/dexbot_middle_layer/CutTofo/toolbox/cuttofo_calibration/.project-log	cucumber/备份/dexbot_ros2_ws_525（附件-13）/dexbot_ros2_ws/src/dexbot_middle_layer/CutTofo/toolbox/cuttofo_calibration/.project-log	cd7b9f1775a8768d196ecdc9c1deeaa4f71807ce15bcbd8573dd444f8351b089
cucumber	cucumber/004__dexbot_ros2_ws__src__dexbot_middle_layer__CutTofo__toolbox__cuttofo_calibration	cucumber/dexbot_ros2_ws/src/dexbot_middle_layer/CutTofo/toolbox/cuttofo_calibration/.project-log	cucumber/备份/dexbot_ros2_ws_525（附件10-豆腐全流程正在推进）/dexbot_ros2_ws/src/dexbot_middle_layer/CutTofo/toolbox/cuttofo_calibration/.project-log	cd7b9f1775a8768d196ecdc9c1deeaa4f71807ce15bcbd8573dd444f8351b089
cucumber	cucumber/004__dexbot_ros2_ws__src__dexbot_middle_layer__CutTofo__toolbox__cuttofo_calibration	cucumber/dexbot_ros2_ws/src/dexbot_middle_layer/CutTofo/toolbox/cuttofo_calibration/.project-log	cucumber/备份/dexbot_ros2_ws_525（附件11-初步全流程）/dexbot_ros2_ws/src/dexbot_middle_layer/CutTofo/toolbox/cuttofo_calibration/.project-log	cd7b9f1775a8768d196ecdc9c1deeaa4f71807ce15bcbd8573dd444f8351b089
cucumber	cucumber/004__dexbot_ros2_ws__src__dexbot_middle_layer__CutTofo__toolbox__cuttofo_calibration	cucumber/dexbot_ros2_ws/src/dexbot_middle_layer/CutTofo/toolbox/cuttofo_calibration/.project-log	cucumber/备份/dexbot_ros2_ws_525（附件12-全流程参数没优化）/dexbot_ros2_ws/src/dexbot_middle_layer/CutTofo/toolbox/cuttofo_calibration/.project-log	cd7b9f1775a8768d196ecdc9c1deeaa4f71807ce15bcbd8573dd444f8351b089
cucumber	cucumber/004__dexbot_ros2_ws__src__dexbot_middle_layer__CutTofo__toolbox__cuttofo_calibration	cucumber/dexbot_ros2_ws/src/dexbot_middle_layer/CutTofo/toolbox/cuttofo_calibration/.project-log	cucumber/备份/dexbot_ros2_ws_525（附件2）/dexbot_ros2_ws/src/dexbot_middle_layer/CutTofo/toolbox/cuttofo_calibration/.project-log	cd7b9f1775a8768d196ecdc9c1deeaa4f71807ce15bcbd8573dd444f8351b089
cucumber	cucumber/004__dexbot_ros2_ws__src__dexbot_middle_layer__CutTofo__toolbox__cuttofo_calibration	cucumber/dexbot_ros2_ws/src/dexbot_middle_layer/CutTofo/toolbox/cuttofo_calibration/.project-log	cucumber/备份/dexbot_ros2_ws_525（附件3）/dexbot_ros2_ws/src/dexbot_middle_layer/CutTofo/toolbox/cuttofo_calibration/.project-log	cd7b9f1775a8768d196ecdc9c1deeaa4f71807ce15bcbd8573dd444f8351b089
cucumber	cucumber/004__dexbot_ros2_ws__src__dexbot_middle_layer__CutTofo__toolbox__cuttofo_calibration	cucumber/dexbot_ros2_ws/src/dexbot_middle_layer/CutTofo/toolbox/cuttofo_calibration/.project-log	cucumber/备份/dexbot_ros2_ws_525（附件5）/dexbot_ros2_ws/src/dexbot_middle_layer/CutTofo/toolbox/cuttofo_calibration/.project-log	cd7b9f1775a8768d196ecdc9c1deeaa4f71807ce15bcbd8573dd444f8351b089
cucumber	cucumber/004__dexbot_ros2_ws__src__dexbot_middle_layer__CutTofo__toolbox__cuttofo_calibration	cucumber/dexbot_ros2_ws/src/dexbot_middle_layer/CutTofo/toolbox/cuttofo_calibration/.project-log	cucumber/备份/dexbot_ros2_ws_525（附件6）/dexbot_ros2_ws/src/dexbot_middle_layer/CutTofo/toolbox/cuttofo_calibration/.project-log	cd7b9f1775a8768d196ecdc9c1deeaa4f71807ce15bcbd8573dd444f8351b089
cucumber	cucumber/004__dexbot_ros2_ws__src__dexbot_middle_layer__CutTofo__toolbox__cuttofo_calibration	cucumber/dexbot_ros2_ws/src/dexbot_middle_layer/CutTofo/toolbox/cuttofo_calibration/.project-log	cucumber/备份/dexbot_ros2_ws_525（附件7-框架优化）/dexbot_ros2_ws/src/dexbot_middle_layer/CutTofo/toolbox/cuttofo_calibration/.project-log	cd7b9f1775a8768d196ecdc9c1deeaa4f71807ce15bcbd8573dd444f8351b089
cucumber	cucumber/004__dexbot_ros2_ws__src__dexbot_middle_layer__CutTofo__toolbox__cuttofo_calibration	cucumber/dexbot_ros2_ws/src/dexbot_middle_layer/CutTofo/toolbox/cuttofo_calibration/.project-log	cucumber/备份/dexbot_ros2_ws_525（附件8-开始解决豆腐问题）/dexbot_ros2_ws/src/dexbot_middle_layer/CutTofo/toolbox/cuttofo_calibration/.project-log	cd7b9f1775a8768d196ecdc9c1deeaa4f71807ce15bcbd8573dd444f8351b089
cucumber	cucumber/004__dexbot_ros2_ws__src__dexbot_middle_layer__CutTofo__toolbox__cuttofo_calibration	cucumber/dexbot_ros2_ws/src/dexbot_middle_layer/CutTofo/toolbox/cuttofo_calibration/.project-log	cucumber/备份/dexbot_ros2_ws_525（附件9-prepare求解失败）/dexbot_ros2_ws/src/dexbot_middle_layer/CutTofo/toolbox/cuttofo_calibration/.project-log	cd7b9f1775a8768d196ecdc9c1deeaa4f71807ce15bcbd8573dd444f8351b089
cucumber	cucumber/004__dexbot_ros2_ws__src__dexbot_middle_layer__CutTofo__toolbox__cuttofo_calibration	cucumber/dexbot_ros2_ws/src/dexbot_middle_layer/CutTofo/toolbox/cuttofo_calibration/.project-log	cucumber/备份/dexbot_ros2_ws_525（黄瓜全流程）/dexbot_ros2_ws/src/dexbot_middle_layer/CutTofo/toolbox/cuttofo_calibration/.project-log	cd7b9f1775a8768d196ecdc9c1deeaa4f71807ce15bcbd8573dd444f8351b089
cucumber	cucumber/004__dexbot_ros2_ws__src__dexbot_middle_layer__CutTofo__toolbox__cuttofo_calibration	cucumber/dexbot_ros2_ws/src/dexbot_middle_layer/CutTofo/toolbox/cuttofo_calibration/.project-log	cucumber/备份/dexbot_ros2_ws（6月7日上午）/src/dexbot_middle_layer/CutTofo/toolbox/cuttofo_calibration/.project-log	cd7b9f1775a8768d196ecdc9c1deeaa4f71807ce15bcbd8573dd444f8351b089
cucumber	cucumber/004__dexbot_ros2_ws__src__dexbot_middle_layer__CutTofo__toolbox__cuttofo_calibration	cucumber/dexbot_ros2_ws/src/dexbot_middle_layer/CutTofo/toolbox/cuttofo_calibration/.project-log	cucumber/备份/dexbot_ros2_ws（6月8日-上午）/src/dexbot_middle_layer/CutTofo/toolbox/cuttofo_calibration/.project-log	cd7b9f1775a8768d196ecdc9c1deeaa4f71807ce15bcbd8573dd444f8351b089
cucumber	cucumber/004__dexbot_ros2_ws__src__dexbot_middle_layer__CutTofo__toolbox__cuttofo_calibration	cucumber/dexbot_ros2_ws/src/dexbot_middle_layer/CutTofo/toolbox/cuttofo_calibration/.project-log	cucumber/备份/dexbot_ros2_ws（六月11日中午）/src/dexbot_middle_layer/CutTofo/toolbox/cuttofo_calibration/.project-log	cd7b9f1775a8768d196ecdc9c1deeaa4f71807ce15bcbd8573dd444f8351b089
cucumber	cucumber/004__dexbot_ros2_ws__src__dexbot_middle_layer__CutTofo__toolbox__cuttofo_calibration	cucumber/dexbot_ros2_ws/src/dexbot_middle_layer/CutTofo/toolbox/cuttofo_calibration/.project-log	cucumber/备份/dexbot_ros2_ws（附件-14）/src/dexbot_middle_layer/CutTofo/toolbox/cuttofo_calibration/.project-log	cd7b9f1775a8768d196ecdc9c1deeaa4f71807ce15bcbd8573dd444f8351b089
cucumber	cucumber/004__dexbot_ros2_ws__src__dexbot_middle_layer__CutTofo__toolbox__cuttofo_calibration	cucumber/dexbot_ros2_ws/src/dexbot_middle_layer/CutTofo/toolbox/cuttofo_calibration/.project-log	cucumber/备份/dexbot_ros2_ws（附件-15）/src/dexbot_middle_layer/CutTofo/toolbox/cuttofo_calibration/.project-log	cd7b9f1775a8768d196ecdc9c1deeaa4f71807ce15bcbd8573dd444f8351b089
cucumber	cucumber/004__dexbot_ros2_ws__src__dexbot_middle_layer__CutTofo__toolbox__cuttofo_calibration	cucumber/dexbot_ros2_ws/src/dexbot_middle_layer/CutTofo/toolbox/cuttofo_calibration/.project-log	cucumber/备份/dexbot_ros2_ws（附件16-没问题版本）/src/dexbot_middle_layer/CutTofo/toolbox/cuttofo_calibration/.project-log	cd7b9f1775a8768d196ecdc9c1deeaa4f71807ce15bcbd8573dd444f8351b089
cucumber	cucumber/004__dexbot_ros2_ws__src__dexbot_middle_layer__CutTofo__toolbox__cuttofo_calibration	cucumber/dexbot_ros2_ws/src/dexbot_middle_layer/CutTofo/toolbox/cuttofo_calibration/.project-log	cucumber/备份/dexbot_ros2_ws（附件16）/src/dexbot_middle_layer/CutTofo/toolbox/cuttofo_calibration/.project-log	cd7b9f1775a8768d196ecdc9c1deeaa4f71807ce15bcbd8573dd444f8351b089
cucumber	cucumber/004__dexbot_ros2_ws__src__dexbot_middle_layer__CutTofo__toolbox__cuttofo_calibration	cucumber/dexbot_ros2_ws/src/dexbot_middle_layer/CutTofo/toolbox/cuttofo_calibration/.project-log	tofu/dexbot_ros2_ws备份/dexbot_ros2_ws(附件24-23号上午测试参数没问题版本)/src/cuttofo_calibration/.project-log	cd7b9f1775a8768d196ecdc9c1deeaa4f71807ce15bcbd8573dd444f8351b089
cucumber	cucumber/004__dexbot_ros2_ws__src__dexbot_middle_layer__CutTofo__toolbox__cuttofo_calibration	cucumber/dexbot_ros2_ws/src/dexbot_middle_layer/CutTofo/toolbox/cuttofo_calibration/.project-log	tofu/dexbot_ros2_ws备份/dexbot_ros2_ws（附件23-拔刀修好了，但是阶段2还是不会动有BUG）/src/cuttofo_calibration/.project-log	cd7b9f1775a8768d196ecdc9c1deeaa4f71807ce15bcbd8573dd444f8351b089
cucumber	cucumber/004__dexbot_ros2_ws__src__dexbot_middle_layer__CutTofo__toolbox__cuttofo_calibration	cucumber/dexbot_ros2_ws/src/dexbot_middle_layer/CutTofo/toolbox/cuttofo_calibration/.project-log	tofu/dexbot_ros2_ws备份/dexbot_ros2_ws（附件25-视觉优化第一版本）/src/cuttofo_calibration/.project-log	cd7b9f1775a8768d196ecdc9c1deeaa4f71807ce15bcbd8573dd444f8351b089
cucumber	cucumber/004__dexbot_ros2_ws__src__dexbot_middle_layer__CutTofo__toolbox__cuttofo_calibration	cucumber/dexbot_ros2_ws/src/dexbot_middle_layer/CutTofo/toolbox/cuttofo_calibration/.project-log	tofu/dexbot_ros2_ws备份/dexbot_ros2_ws（附件26-继续优化）/src/cuttofo_calibration/.project-log	cd7b9f1775a8768d196ecdc9c1deeaa4f71807ce15bcbd8573dd444f8351b089
cucumber	cucumber/004__dexbot_ros2_ws__src__dexbot_middle_layer__CutTofo__toolbox__cuttofo_calibration	cucumber/dexbot_ros2_ws/src/dexbot_middle_layer/CutTofo/toolbox/cuttofo_calibration/.project-log	tofu/dexbot_ros2_ws备份/dexbot_ros2_ws（附件27-视觉优化版本2）/src/cuttofo_calibration/.project-log	cd7b9f1775a8768d196ecdc9c1deeaa4f71807ce15bcbd8573dd444f8351b089
cucumber	cucumber/004__dexbot_ros2_ws__src__dexbot_middle_layer__CutTofo__toolbox__cuttofo_calibration	cucumber/dexbot_ros2_ws/src/dexbot_middle_layer/CutTofo/toolbox/cuttofo_calibration/.project-log	tofu/dexbot_ros2_ws备份/dexbot_ros2_ws（附件28-准备优化阶段7的切割逻辑）/src/cuttofo_calibration/.project-log	cd7b9f1775a8768d196ecdc9c1deeaa4f71807ce15bcbd8573dd444f8351b089
cucumber	cucumber/004__dexbot_ros2_ws__src__dexbot_middle_layer__CutTofo__toolbox__cuttofo_calibration	cucumber/dexbot_ros2_ws/src/dexbot_middle_layer/CutTofo/toolbox/cuttofo_calibration/.project-log	tofu/dexbot_ros2_ws备份/dexbot_ros2_ws（附件29-23号最终版本）/src/cuttofo_calibration/.project-log	cd7b9f1775a8768d196ecdc9c1deeaa4f71807ce15bcbd8573dd444f8351b089
cucumber	cucumber/004__dexbot_ros2_ws__src__dexbot_middle_layer__CutTofo__toolbox__cuttofo_calibration	cucumber/dexbot_ros2_ws/src/dexbot_middle_layer/CutTofo/toolbox/cuttofo_calibration/.project-log	tofu/dexbot_ros2_ws备份/dexbot_ros2_ws（附件30-开始优化过渡阶段逻辑）/src/cuttofo_calibration/.project-log	cd7b9f1775a8768d196ecdc9c1deeaa4f71807ce15bcbd8573dd444f8351b089
cucumber	cucumber/004__dexbot_ros2_ws__src__dexbot_middle_layer__CutTofo__toolbox__cuttofo_calibration	cucumber/dexbot_ros2_ws/src/dexbot_middle_layer/CutTofo/toolbox/cuttofo_calibration/.project-log	tofu/dexbot_ros2_ws备份/dexbot_ros2_ws（附件31-24号最终没问题版本）/src/cuttofo_calibration/.project-log	cd7b9f1775a8768d196ecdc9c1deeaa4f71807ce15bcbd8573dd444f8351b089
cucumber	cucumber/004__dexbot_ros2_ws__src__dexbot_middle_layer__CutTofo__toolbox__cuttofo_calibration	cucumber/dexbot_ros2_ws/src/dexbot_middle_layer/CutTofo/toolbox/cuttofo_calibration/.project-log	tofu/dexbot_ros2_ws备份/dexbot_ros2_ws（附件32-准备重构框架）/src/cuttofo_calibration/.project-log	cd7b9f1775a8768d196ecdc9c1deeaa4f71807ce15bcbd8573dd444f8351b089
cucumber	cucumber/004__dexbot_ros2_ws__src__dexbot_middle_layer__CutTofo__toolbox__cuttofo_calibration	cucumber/dexbot_ros2_ws/src/dexbot_middle_layer/CutTofo/toolbox/cuttofo_calibration/.project-log	切黄瓜项目跟踪/dexbot_ros2_ws（第 3 个复件）/src/cuttofo_calibration/.project-log	cd7b9f1775a8768d196ecdc9c1deeaa4f71807ce15bcbd8573dd444f8351b089
cucumber	cucumber/005__dexbot_ros2_ws__src__gui	cucumber/dexbot_ros2_ws/src/gui/.project-log	cucumber/dexbot_ros2_ws（另一个复件）/src/gui/.project-log	dc64884d4ca627a22e078ad22049303b9f496d44a0f3ea5d9dcce222c6955e0c
cucumber	cucumber/005__dexbot_ros2_ws__src__gui	cucumber/dexbot_ros2_ws/src/gui/.project-log	cucumber/dexbot_ros2_ws（第 3 个复件）/src/gui/.project-log	dc64884d4ca627a22e078ad22049303b9f496d44a0f3ea5d9dcce222c6955e0c
cucumber	cucumber/006__dexbot_ros2_ws__src__gui_backup__gui	cucumber/dexbot_ros2_ws/src/gui_backup/gui/.project-log	cucumber/dexbot_ros2_ws（另一个复件）/src/gui_backup/gui/.project-log	15d453c71f64312bf3d79807b53c8ed2d8396215d9a53532010e5b0e8ca92b96
cucumber	cucumber/006__dexbot_ros2_ws__src__gui_backup__gui	cucumber/dexbot_ros2_ws/src/gui_backup/gui/.project-log	cucumber/dexbot_ros2_ws（复件）/src/gui_backup/gui/.project-log	15d453c71f64312bf3d79807b53c8ed2d8396215d9a53532010e5b0e8ca92b96
cucumber	cucumber/006__dexbot_ros2_ws__src__gui_backup__gui	cucumber/dexbot_ros2_ws/src/gui_backup/gui/.project-log	cucumber/dexbot_ros2_ws（第 3 个复件）/src/gui_backup/gui/.project-log	15d453c71f64312bf3d79807b53c8ed2d8396215d9a53532010e5b0e8ca92b96
cucumber	cucumber/006__dexbot_ros2_ws__src__gui_backup__gui	cucumber/dexbot_ros2_ws/src/gui_backup/gui/.project-log	cucumber/备份/dexbot_ros2_ws(6号修改)/src/gui_backup/gui/.project-log	15d453c71f64312bf3d79807b53c8ed2d8396215d9a53532010e5b0e8ca92b96
cucumber	cucumber/006__dexbot_ros2_ws__src__gui_backup__gui	cucumber/dexbot_ros2_ws/src/gui_backup/gui/.project-log	cucumber/备份/dexbot_ros2_ws(附件16)/src/gui_backup/gui/.project-log	15d453c71f64312bf3d79807b53c8ed2d8396215d9a53532010e5b0e8ca92b96
cucumber	cucumber/006__dexbot_ros2_ws__src__gui_backup__gui	cucumber/dexbot_ros2_ws/src/gui_backup/gui/.project-log	cucumber/备份/dexbot_ros2_ws1（附件4）/src/gui_backup/gui/.project-log	15d453c71f64312bf3d79807b53c8ed2d8396215d9a53532010e5b0e8ca92b96
cucumber	cucumber/006__dexbot_ros2_ws__src__gui_backup__gui	cucumber/dexbot_ros2_ws/src/gui_backup/gui/.project-log	cucumber/备份/dexbot_ros2_ws_525（原始版本）/dexbot_ros2_ws/src/gui_backup/gui/.project-log	15d453c71f64312bf3d79807b53c8ed2d8396215d9a53532010e5b0e8ca92b96
cucumber	cucumber/006__dexbot_ros2_ws__src__gui_backup__gui	cucumber/dexbot_ros2_ws/src/gui_backup/gui/.project-log	cucumber/备份/dexbot_ros2_ws_525（复件）/dexbot_ros2_ws/src/gui_backup/gui/.project-log	15d453c71f64312bf3d79807b53c8ed2d8396215d9a53532010e5b0e8ca92b96
cucumber	cucumber/006__dexbot_ros2_ws__src__gui_backup__gui	cucumber/dexbot_ros2_ws/src/gui_backup/gui/.project-log	cucumber/备份/dexbot_ros2_ws_525（附件-13）/dexbot_ros2_ws/src/gui_backup/gui/.project-log	15d453c71f64312bf3d79807b53c8ed2d8396215d9a53532010e5b0e8ca92b96
cucumber	cucumber/006__dexbot_ros2_ws__src__gui_backup__gui	cucumber/dexbot_ros2_ws/src/gui_backup/gui/.project-log	cucumber/备份/dexbot_ros2_ws_525（附件10-豆腐全流程正在推进）/dexbot_ros2_ws/src/gui_backup/gui/.project-log	15d453c71f64312bf3d79807b53c8ed2d8396215d9a53532010e5b0e8ca92b96
cucumber	cucumber/006__dexbot_ros2_ws__src__gui_backup__gui	cucumber/dexbot_ros2_ws/src/gui_backup/gui/.project-log	cucumber/备份/dexbot_ros2_ws_525（附件11-初步全流程）/dexbot_ros2_ws/src/gui_backup/gui/.project-log	15d453c71f64312bf3d79807b53c8ed2d8396215d9a53532010e5b0e8ca92b96
cucumber	cucumber/006__dexbot_ros2_ws__src__gui_backup__gui	cucumber/dexbot_ros2_ws/src/gui_backup/gui/.project-log	cucumber/备份/dexbot_ros2_ws_525（附件12-全流程参数没优化）/dexbot_ros2_ws/src/gui_backup/gui/.project-log	15d453c71f64312bf3d79807b53c8ed2d8396215d9a53532010e5b0e8ca92b96
cucumber	cucumber/006__dexbot_ros2_ws__src__gui_backup__gui	cucumber/dexbot_ros2_ws/src/gui_backup/gui/.project-log	cucumber/备份/dexbot_ros2_ws_525（附件2）/dexbot_ros2_ws/src/gui_backup/gui/.project-log	15d453c71f64312bf3d79807b53c8ed2d8396215d9a53532010e5b0e8ca92b96
cucumber	cucumber/006__dexbot_ros2_ws__src__gui_backup__gui	cucumber/dexbot_ros2_ws/src/gui_backup/gui/.project-log	cucumber/备份/dexbot_ros2_ws_525（附件3）/dexbot_ros2_ws/src/gui_backup/gui/.project-log	15d453c71f64312bf3d79807b53c8ed2d8396215d9a53532010e5b0e8ca92b96
cucumber	cucumber/006__dexbot_ros2_ws__src__gui_backup__gui	cucumber/dexbot_ros2_ws/src/gui_backup/gui/.project-log	cucumber/备份/dexbot_ros2_ws_525（附件5）/dexbot_ros2_ws/src/gui_backup/gui/.project-log	15d453c71f64312bf3d79807b53c8ed2d8396215d9a53532010e5b0e8ca92b96
cucumber	cucumber/006__dexbot_ros2_ws__src__gui_backup__gui	cucumber/dexbot_ros2_ws/src/gui_backup/gui/.project-log	cucumber/备份/dexbot_ros2_ws_525（附件6）/dexbot_ros2_ws/src/gui_backup/gui/.project-log	15d453c71f64312bf3d79807b53c8ed2d8396215d9a53532010e5b0e8ca92b96
cucumber	cucumber/006__dexbot_ros2_ws__src__gui_backup__gui	cucumber/dexbot_ros2_ws/src/gui_backup/gui/.project-log	cucumber/备份/dexbot_ros2_ws_525（附件7-框架优化）/dexbot_ros2_ws/src/gui_backup/gui/.project-log	15d453c71f64312bf3d79807b53c8ed2d8396215d9a53532010e5b0e8ca92b96
cucumber	cucumber/006__dexbot_ros2_ws__src__gui_backup__gui	cucumber/dexbot_ros2_ws/src/gui_backup/gui/.project-log	cucumber/备份/dexbot_ros2_ws_525（附件8-开始解决豆腐问题）/dexbot_ros2_ws/src/gui_backup/gui/.project-log	15d453c71f64312bf3d79807b53c8ed2d8396215d9a53532010e5b0e8ca92b96
cucumber	cucumber/006__dexbot_ros2_ws__src__gui_backup__gui	cucumber/dexbot_ros2_ws/src/gui_backup/gui/.project-log	cucumber/备份/dexbot_ros2_ws_525（附件9-prepare求解失败）/dexbot_ros2_ws/src/gui_backup/gui/.project-log	15d453c71f64312bf3d79807b53c8ed2d8396215d9a53532010e5b0e8ca92b96
cucumber	cucumber/006__dexbot_ros2_ws__src__gui_backup__gui	cucumber/dexbot_ros2_ws/src/gui_backup/gui/.project-log	cucumber/备份/dexbot_ros2_ws_525（黄瓜全流程）/dexbot_ros2_ws/src/gui_backup/gui/.project-log	15d453c71f64312bf3d79807b53c8ed2d8396215d9a53532010e5b0e8ca92b96
cucumber	cucumber/006__dexbot_ros2_ws__src__gui_backup__gui	cucumber/dexbot_ros2_ws/src/gui_backup/gui/.project-log	cucumber/备份/dexbot_ros2_ws（6月7日上午）/src/gui_backup/gui/.project-log	15d453c71f64312bf3d79807b53c8ed2d8396215d9a53532010e5b0e8ca92b96
cucumber	cucumber/006__dexbot_ros2_ws__src__gui_backup__gui	cucumber/dexbot_ros2_ws/src/gui_backup/gui/.project-log	cucumber/备份/dexbot_ros2_ws（6月8日-上午）/src/gui_backup/gui/.project-log	15d453c71f64312bf3d79807b53c8ed2d8396215d9a53532010e5b0e8ca92b96
cucumber	cucumber/006__dexbot_ros2_ws__src__gui_backup__gui	cucumber/dexbot_ros2_ws/src/gui_backup/gui/.project-log	cucumber/备份/dexbot_ros2_ws（六月11日中午）/src/gui_backup/gui/.project-log	15d453c71f64312bf3d79807b53c8ed2d8396215d9a53532010e5b0e8ca92b96
cucumber	cucumber/006__dexbot_ros2_ws__src__gui_backup__gui	cucumber/dexbot_ros2_ws/src/gui_backup/gui/.project-log	cucumber/备份/dexbot_ros2_ws（附件-14）/src/gui_backup/gui/.project-log	15d453c71f64312bf3d79807b53c8ed2d8396215d9a53532010e5b0e8ca92b96
cucumber	cucumber/006__dexbot_ros2_ws__src__gui_backup__gui	cucumber/dexbot_ros2_ws/src/gui_backup/gui/.project-log	cucumber/备份/dexbot_ros2_ws（附件-15）/src/gui_backup/gui/.project-log	15d453c71f64312bf3d79807b53c8ed2d8396215d9a53532010e5b0e8ca92b96
cucumber	cucumber/006__dexbot_ros2_ws__src__gui_backup__gui	cucumber/dexbot_ros2_ws/src/gui_backup/gui/.project-log	cucumber/备份/dexbot_ros2_ws（附件16-没问题版本）/src/gui_backup/gui/.project-log	15d453c71f64312bf3d79807b53c8ed2d8396215d9a53532010e5b0e8ca92b96
cucumber	cucumber/006__dexbot_ros2_ws__src__gui_backup__gui	cucumber/dexbot_ros2_ws/src/gui_backup/gui/.project-log	cucumber/备份/dexbot_ros2_ws（附件16）/src/gui_backup/gui/.project-log	15d453c71f64312bf3d79807b53c8ed2d8396215d9a53532010e5b0e8ca92b96
cucumber	cucumber/006__dexbot_ros2_ws__src__gui_backup__gui	cucumber/dexbot_ros2_ws/src/gui_backup/gui/.project-log	tofu/dexbot_ros2_ws备份/dexbot_ros2_ws(附件22-20号上午调试的稳定版本)/src/gui_backup/gui/.project-log	15d453c71f64312bf3d79807b53c8ed2d8396215d9a53532010e5b0e8ca92b96
cucumber	cucumber/006__dexbot_ros2_ws__src__gui_backup__gui	cucumber/dexbot_ros2_ws/src/gui_backup/gui/.project-log	tofu/dexbot_ros2_ws备份/dexbot_ros2_ws(附件24-23号上午测试参数没问题版本)/src/gui_backup/gui/.project-log	15d453c71f64312bf3d79807b53c8ed2d8396215d9a53532010e5b0e8ca92b96
cucumber	cucumber/006__dexbot_ros2_ws__src__gui_backup__gui	cucumber/dexbot_ros2_ws/src/gui_backup/gui/.project-log	tofu/dexbot_ros2_ws备份/dexbot_ros2_ws11（竖着切有点小问题）/src/gui_backup/gui/.project-log	15d453c71f64312bf3d79807b53c8ed2d8396215d9a53532010e5b0e8ca92b96
cucumber	cucumber/006__dexbot_ros2_ws__src__gui_backup__gui	cucumber/dexbot_ros2_ws/src/gui_backup/gui/.project-log	tofu/dexbot_ros2_ws备份/dexbot_ros2_ws（备份16-还没有集成抓刀逻辑，做了一下phase·跳转的优化）/src/gui_backup/gui/.project-log	15d453c71f64312bf3d79807b53c8ed2d8396215d9a53532010e5b0e8ca92b96
cucumber	cucumber/006__dexbot_ros2_ws__src__gui_backup__gui	cucumber/dexbot_ros2_ws/src/gui_backup/gui/.project-log	tofu/dexbot_ros2_ws备份/dexbot_ros2_ws（复件10-准备加入box提示逻辑）/src/gui_backup/gui/.project-log	15d453c71f64312bf3d79807b53c8ed2d8396215d9a53532010e5b0e8ca92b96
cucumber	cucumber/006__dexbot_ros2_ws__src__gui_backup__gui	cucumber/dexbot_ros2_ws/src/gui_backup/gui/.project-log	tofu/dexbot_ros2_ws备份/dexbot_ros2_ws（复件12-切换右臂之后，还没调试好）/src/gui_backup/gui/.project-log	15d453c71f64312bf3d79807b53c8ed2d8396215d9a53532010e5b0e8ca92b96
cucumber	cucumber/006__dexbot_ros2_ws__src__gui_backup__gui	cucumber/dexbot_ros2_ws/src/gui_backup/gui/.project-log	tofu/dexbot_ros2_ws备份/dexbot_ros2_ws（复件13-修复了一些阶段7的下切BUG）/src/gui_backup/gui/.project-log	15d453c71f64312bf3d79807b53c8ed2d8396215d9a53532010e5b0e8ca92b96
cucumber	cucumber/006__dexbot_ros2_ws__src__gui_backup__gui	cucumber/dexbot_ros2_ws/src/gui_backup/gui/.project-log	tofu/dexbot_ros2_ws备份/dexbot_ros2_ws（复件14-目前暂时没问题的版本）/src/gui_backup/gui/.project-log	15d453c71f64312bf3d79807b53c8ed2d8396215d9a53532010e5b0e8ca92b96
cucumber	cucumber/006__dexbot_ros2_ws__src__gui_backup__gui	cucumber/dexbot_ros2_ws/src/gui_backup/gui/.project-log	tofu/dexbot_ros2_ws备份/dexbot_ros2_ws（复件17-重新标定相机之后的版本）/src/gui_backup/gui/.project-log	15d453c71f64312bf3d79807b53c8ed2d8396215d9a53532010e5b0e8ca92b96
cucumber	cucumber/006__dexbot_ros2_ws__src__gui_backup__gui	cucumber/dexbot_ros2_ws/src/gui_backup/gui/.project-log	tofu/dexbot_ros2_ws备份/dexbot_ros2_ws（复件2）/src/gui_backup/gui/.project-log	15d453c71f64312bf3d79807b53c8ed2d8396215d9a53532010e5b0e8ca92b96
cucumber	cucumber/006__dexbot_ros2_ws__src__gui_backup__gui	cucumber/dexbot_ros2_ws/src/gui_backup/gui/.project-log	tofu/dexbot_ros2_ws备份/dexbot_ros2_ws（复件3-15号初始）/src/gui_backup/gui/.project-log	15d453c71f64312bf3d79807b53c8ed2d8396215d9a53532010e5b0e8ca92b96
cucumber	cucumber/006__dexbot_ros2_ws__src__gui_backup__gui	cucumber/dexbot_ros2_ws/src/gui_backup/gui/.project-log	tofu/dexbot_ros2_ws备份/dexbot_ros2_ws（复件4）/src/gui_backup/gui/.project-log	15d453c71f64312bf3d79807b53c8ed2d8396215d9a53532010e5b0e8ca92b96
cucumber	cucumber/006__dexbot_ros2_ws__src__gui_backup__gui	cucumber/dexbot_ros2_ws/src/gui_backup/gui/.project-log	tofu/dexbot_ros2_ws备份/dexbot_ros2_ws（复件5）/src/gui_backup/gui/.project-log	15d453c71f64312bf3d79807b53c8ed2d8396215d9a53532010e5b0e8ca92b96
cucumber	cucumber/006__dexbot_ros2_ws__src__gui_backup__gui	cucumber/dexbot_ros2_ws/src/gui_backup/gui/.project-log	tofu/dexbot_ros2_ws备份/dexbot_ros2_ws（复件6）/src/gui_backup/gui/.project-log	15d453c71f64312bf3d79807b53c8ed2d8396215d9a53532010e5b0e8ca92b96
cucumber	cucumber/006__dexbot_ros2_ws__src__gui_backup__gui	cucumber/dexbot_ros2_ws/src/gui_backup/gui/.project-log	tofu/dexbot_ros2_ws备份/dexbot_ros2_ws（复件7）/src/gui_backup/gui/.project-log	15d453c71f64312bf3d79807b53c8ed2d8396215d9a53532010e5b0e8ca92b96
cucumber	cucumber/006__dexbot_ros2_ws__src__gui_backup__gui	cucumber/dexbot_ros2_ws/src/gui_backup/gui/.project-log	tofu/dexbot_ros2_ws备份/dexbot_ros2_ws（复件8中间，旋转不行）/src/gui_backup/gui/.project-log	15d453c71f64312bf3d79807b53c8ed2d8396215d9a53532010e5b0e8ca92b96
cucumber	cucumber/006__dexbot_ros2_ws__src__gui_backup__gui	cucumber/dexbot_ros2_ws/src/gui_backup/gui/.project-log	tofu/dexbot_ros2_ws备份/dexbot_ros2_ws（复件9,phase1-5没问题）/src/gui_backup/gui/.project-log	15d453c71f64312bf3d79807b53c8ed2d8396215d9a53532010e5b0e8ca92b96
cucumber	cucumber/006__dexbot_ros2_ws__src__gui_backup__gui	cucumber/dexbot_ros2_ws/src/gui_backup/gui/.project-log	tofu/dexbot_ros2_ws备份/dexbot_ros2_ws（附件15-准备集成抓刀逻辑）/src/gui_backup/gui/.project-log	15d453c71f64312bf3d79807b53c8ed2d8396215d9a53532010e5b0e8ca92b96
cucumber	cucumber/006__dexbot_ros2_ws__src__gui_backup__gui	cucumber/dexbot_ros2_ws/src/gui_backup/gui/.project-log	tofu/dexbot_ros2_ws备份/dexbot_ros2_ws（附件16-阶段3有BUG会抽搐的版本）/src/gui_backup/gui/.project-log	15d453c71f64312bf3d79807b53c8ed2d8396215d9a53532010e5b0e8ca92b96
cucumber	cucumber/006__dexbot_ros2_ws__src__gui_backup__gui	cucumber/dexbot_ros2_ws/src/gui_backup/gui/.project-log	tofu/dexbot_ros2_ws备份/dexbot_ros2_ws（附件17-开始集成抓刀的逻辑）/src/gui_backup/gui/.project-log	15d453c71f64312bf3d79807b53c8ed2d8396215d9a53532010e5b0e8ca92b96
cucumber	cucumber/006__dexbot_ros2_ws__src__gui_backup__gui	cucumber/dexbot_ros2_ws/src/gui_backup/gui/.project-log	tofu/dexbot_ros2_ws备份/dexbot_ros2_ws（附件18-初步测试可以抓刀，需要修改一下抓刀参数然后测试能不能全流程）/src/gui_backup/gui/.project-log	15d453c71f64312bf3d79807b53c8ed2d8396215d9a53532010e5b0e8ca92b96
cucumber	cucumber/006__dexbot_ros2_ws__src__gui_backup__gui	cucumber/dexbot_ros2_ws/src/gui_backup/gui/.project-log	tofu/dexbot_ros2_ws备份/dexbot_ros2_ws（附件19-全流程能串但是拔刀之后切豆腐会抽搐）/src/gui_backup/gui/.project-log	15d453c71f64312bf3d79807b53c8ed2d8396215d9a53532010e5b0e8ca92b96
cucumber	cucumber/006__dexbot_ros2_ws__src__gui_backup__gui	cucumber/dexbot_ros2_ws/src/gui_backup/gui/.project-log	tofu/dexbot_ros2_ws备份/dexbot_ros2_ws（附件20）/src/gui_backup/gui/.project-log	15d453c71f64312bf3d79807b53c8ed2d8396215d9a53532010e5b0e8ca92b96
cucumber	cucumber/006__dexbot_ros2_ws__src__gui_backup__gui	cucumber/dexbot_ros2_ws/src/gui_backup/gui/.project-log	tofu/dexbot_ros2_ws备份/dexbot_ros2_ws（附件21-全流程参数最优版）/src/gui_backup/gui/.project-log	15d453c71f64312bf3d79807b53c8ed2d8396215d9a53532010e5b0e8ca92b96
cucumber	cucumber/006__dexbot_ros2_ws__src__gui_backup__gui	cucumber/dexbot_ros2_ws/src/gui_backup/gui/.project-log	tofu/dexbot_ros2_ws备份/dexbot_ros2_ws（附件23-拔刀修好了，但是阶段2还是不会动有BUG）/src/gui_backup/gui/.project-log	15d453c71f64312bf3d79807b53c8ed2d8396215d9a53532010e5b0e8ca92b96
cucumber	cucumber/006__dexbot_ros2_ws__src__gui_backup__gui	cucumber/dexbot_ros2_ws/src/gui_backup/gui/.project-log	tofu/dexbot_ros2_ws备份/dexbot_ros2_ws（附件25-视觉优化第一版本）/src/gui_backup/gui/.project-log	15d453c71f64312bf3d79807b53c8ed2d8396215d9a53532010e5b0e8ca92b96
cucumber	cucumber/006__dexbot_ros2_ws__src__gui_backup__gui	cucumber/dexbot_ros2_ws/src/gui_backup/gui/.project-log	tofu/dexbot_ros2_ws备份/dexbot_ros2_ws（附件26-继续优化）/src/gui_backup/gui/.project-log	15d453c71f64312bf3d79807b53c8ed2d8396215d9a53532010e5b0e8ca92b96
cucumber	cucumber/006__dexbot_ros2_ws__src__gui_backup__gui	cucumber/dexbot_ros2_ws/src/gui_backup/gui/.project-log	tofu/dexbot_ros2_ws备份/dexbot_ros2_ws（附件27-视觉优化版本2）/src/gui_backup/gui/.project-log	15d453c71f64312bf3d79807b53c8ed2d8396215d9a53532010e5b0e8ca92b96
cucumber	cucumber/006__dexbot_ros2_ws__src__gui_backup__gui	cucumber/dexbot_ros2_ws/src/gui_backup/gui/.project-log	tofu/dexbot_ros2_ws备份/dexbot_ros2_ws（附件28-准备优化阶段7的切割逻辑）/src/gui_backup/gui/.project-log	15d453c71f64312bf3d79807b53c8ed2d8396215d9a53532010e5b0e8ca92b96
cucumber	cucumber/006__dexbot_ros2_ws__src__gui_backup__gui	cucumber/dexbot_ros2_ws/src/gui_backup/gui/.project-log	tofu/dexbot_ros2_ws备份/dexbot_ros2_ws（附件29-23号最终版本）/src/gui_backup/gui/.project-log	15d453c71f64312bf3d79807b53c8ed2d8396215d9a53532010e5b0e8ca92b96
cucumber	cucumber/006__dexbot_ros2_ws__src__gui_backup__gui	cucumber/dexbot_ros2_ws/src/gui_backup/gui/.project-log	tofu/dexbot_ros2_ws备份/dexbot_ros2_ws（附件30-开始优化过渡阶段逻辑）/src/gui_backup/gui/.project-log	15d453c71f64312bf3d79807b53c8ed2d8396215d9a53532010e5b0e8ca92b96
cucumber	cucumber/006__dexbot_ros2_ws__src__gui_backup__gui	cucumber/dexbot_ros2_ws/src/gui_backup/gui/.project-log	tofu/dexbot_ros2_ws备份/dexbot_ros2_ws（附件31-24号最终没问题版本）/src/gui_backup/gui/.project-log	15d453c71f64312bf3d79807b53c8ed2d8396215d9a53532010e5b0e8ca92b96
cucumber	cucumber/006__dexbot_ros2_ws__src__gui_backup__gui	cucumber/dexbot_ros2_ws/src/gui_backup/gui/.project-log	tofu/dexbot_ros2_ws备份/dexbot_ros2_ws（附件32-准备重构框架）/src/gui_backup/gui/.project-log	15d453c71f64312bf3d79807b53c8ed2d8396215d9a53532010e5b0e8ca92b96
cucumber	cucumber/006__dexbot_ros2_ws__src__gui_backup__gui	cucumber/dexbot_ros2_ws/src/gui_backup/gui/.project-log	切黄瓜项目跟踪/dexbot_ros2_ws（另一个复件）/src/gui_backup/gui/.project-log	15d453c71f64312bf3d79807b53c8ed2d8396215d9a53532010e5b0e8ca92b96
cucumber	cucumber/006__dexbot_ros2_ws__src__gui_backup__gui	cucumber/dexbot_ros2_ws/src/gui_backup/gui/.project-log	切黄瓜项目跟踪/dexbot_ros2_ws（复件）/src/gui_backup/gui/.project-log	15d453c71f64312bf3d79807b53c8ed2d8396215d9a53532010e5b0e8ca92b96
cucumber	cucumber/006__dexbot_ros2_ws__src__gui_backup__gui	cucumber/dexbot_ros2_ws/src/gui_backup/gui/.project-log	切黄瓜项目跟踪/dexbot_ros2_ws（第 3 个复件）/src/gui_backup/gui/.project-log	15d453c71f64312bf3d79807b53c8ed2d8396215d9a53532010e5b0e8ca92b96
cucumber	cucumber/007__dexbot_ros2_ws__src__gui_backup__gui2	cucumber/dexbot_ros2_ws/src/gui_backup/gui2/.project-log	cucumber/dexbot_ros2_ws（另一个复件）/src/gui_backup/gui2/.project-log	edf90347b1d3d1a14346fdc6f9fc8a94b7d90deef9d8926788edefa47f19636c
cucumber	cucumber/007__dexbot_ros2_ws__src__gui_backup__gui2	cucumber/dexbot_ros2_ws/src/gui_backup/gui2/.project-log	cucumber/dexbot_ros2_ws（复件）/src/gui_backup/gui2/.project-log	edf90347b1d3d1a14346fdc6f9fc8a94b7d90deef9d8926788edefa47f19636c
cucumber	cucumber/007__dexbot_ros2_ws__src__gui_backup__gui2	cucumber/dexbot_ros2_ws/src/gui_backup/gui2/.project-log	cucumber/dexbot_ros2_ws（第 3 个复件）/src/gui_backup/gui2/.project-log	edf90347b1d3d1a14346fdc6f9fc8a94b7d90deef9d8926788edefa47f19636c
cucumber	cucumber/007__dexbot_ros2_ws__src__gui_backup__gui2	cucumber/dexbot_ros2_ws/src/gui_backup/gui2/.project-log	cucumber/备份/dexbot_ros2_ws(6号修改)/src/gui_backup/gui2/.project-log	edf90347b1d3d1a14346fdc6f9fc8a94b7d90deef9d8926788edefa47f19636c
cucumber	cucumber/007__dexbot_ros2_ws__src__gui_backup__gui2	cucumber/dexbot_ros2_ws/src/gui_backup/gui2/.project-log	cucumber/备份/dexbot_ros2_ws(附件16)/src/gui_backup/gui2/.project-log	edf90347b1d3d1a14346fdc6f9fc8a94b7d90deef9d8926788edefa47f19636c
cucumber	cucumber/007__dexbot_ros2_ws__src__gui_backup__gui2	cucumber/dexbot_ros2_ws/src/gui_backup/gui2/.project-log	cucumber/备份/dexbot_ros2_ws1（附件4）/src/gui_backup/gui2/.project-log	edf90347b1d3d1a14346fdc6f9fc8a94b7d90deef9d8926788edefa47f19636c
cucumber	cucumber/007__dexbot_ros2_ws__src__gui_backup__gui2	cucumber/dexbot_ros2_ws/src/gui_backup/gui2/.project-log	cucumber/备份/dexbot_ros2_ws_525（原始版本）/dexbot_ros2_ws/src/gui_backup/gui2/.project-log	edf90347b1d3d1a14346fdc6f9fc8a94b7d90deef9d8926788edefa47f19636c
cucumber	cucumber/007__dexbot_ros2_ws__src__gui_backup__gui2	cucumber/dexbot_ros2_ws/src/gui_backup/gui2/.project-log	cucumber/备份/dexbot_ros2_ws_525（复件）/dexbot_ros2_ws/src/gui_backup/gui2/.project-log	edf90347b1d3d1a14346fdc6f9fc8a94b7d90deef9d8926788edefa47f19636c
cucumber	cucumber/007__dexbot_ros2_ws__src__gui_backup__gui2	cucumber/dexbot_ros2_ws/src/gui_backup/gui2/.project-log	cucumber/备份/dexbot_ros2_ws_525（附件-13）/dexbot_ros2_ws/src/gui_backup/gui2/.project-log	edf90347b1d3d1a14346fdc6f9fc8a94b7d90deef9d8926788edefa47f19636c
cucumber	cucumber/007__dexbot_ros2_ws__src__gui_backup__gui2	cucumber/dexbot_ros2_ws/src/gui_backup/gui2/.project-log	cucumber/备份/dexbot_ros2_ws_525（附件10-豆腐全流程正在推进）/dexbot_ros2_ws/src/gui_backup/gui2/.project-log	edf90347b1d3d1a14346fdc6f9fc8a94b7d90deef9d8926788edefa47f19636c
cucumber	cucumber/007__dexbot_ros2_ws__src__gui_backup__gui2	cucumber/dexbot_ros2_ws/src/gui_backup/gui2/.project-log	cucumber/备份/dexbot_ros2_ws_525（附件11-初步全流程）/dexbot_ros2_ws/src/gui_backup/gui2/.project-log	edf90347b1d3d1a14346fdc6f9fc8a94b7d90deef9d8926788edefa47f19636c
cucumber	cucumber/007__dexbot_ros2_ws__src__gui_backup__gui2	cucumber/dexbot_ros2_ws/src/gui_backup/gui2/.project-log	cucumber/备份/dexbot_ros2_ws_525（附件12-全流程参数没优化）/dexbot_ros2_ws/src/gui_backup/gui2/.project-log	edf90347b1d3d1a14346fdc6f9fc8a94b7d90deef9d8926788edefa47f19636c
cucumber	cucumber/007__dexbot_ros2_ws__src__gui_backup__gui2	cucumber/dexbot_ros2_ws/src/gui_backup/gui2/.project-log	cucumber/备份/dexbot_ros2_ws_525（附件2）/dexbot_ros2_ws/src/gui_backup/gui2/.project-log	edf90347b1d3d1a14346fdc6f9fc8a94b7d90deef9d8926788edefa47f19636c
cucumber	cucumber/007__dexbot_ros2_ws__src__gui_backup__gui2	cucumber/dexbot_ros2_ws/src/gui_backup/gui2/.project-log	cucumber/备份/dexbot_ros2_ws_525（附件3）/dexbot_ros2_ws/src/gui_backup/gui2/.project-log	edf90347b1d3d1a14346fdc6f9fc8a94b7d90deef9d8926788edefa47f19636c
cucumber	cucumber/007__dexbot_ros2_ws__src__gui_backup__gui2	cucumber/dexbot_ros2_ws/src/gui_backup/gui2/.project-log	cucumber/备份/dexbot_ros2_ws_525（附件5）/dexbot_ros2_ws/src/gui_backup/gui2/.project-log	edf90347b1d3d1a14346fdc6f9fc8a94b7d90deef9d8926788edefa47f19636c
cucumber	cucumber/007__dexbot_ros2_ws__src__gui_backup__gui2	cucumber/dexbot_ros2_ws/src/gui_backup/gui2/.project-log	cucumber/备份/dexbot_ros2_ws_525（附件6）/dexbot_ros2_ws/src/gui_backup/gui2/.project-log	edf90347b1d3d1a14346fdc6f9fc8a94b7d90deef9d8926788edefa47f19636c
cucumber	cucumber/007__dexbot_ros2_ws__src__gui_backup__gui2	cucumber/dexbot_ros2_ws/src/gui_backup/gui2/.project-log	cucumber/备份/dexbot_ros2_ws_525（附件7-框架优化）/dexbot_ros2_ws/src/gui_backup/gui2/.project-log	edf90347b1d3d1a14346fdc6f9fc8a94b7d90deef9d8926788edefa47f19636c
cucumber	cucumber/007__dexbot_ros2_ws__src__gui_backup__gui2	cucumber/dexbot_ros2_ws/src/gui_backup/gui2/.project-log	cucumber/备份/dexbot_ros2_ws_525（附件8-开始解决豆腐问题）/dexbot_ros2_ws/src/gui_backup/gui2/.project-log	edf90347b1d3d1a14346fdc6f9fc8a94b7d90deef9d8926788edefa47f19636c
cucumber	cucumber/007__dexbot_ros2_ws__src__gui_backup__gui2	cucumber/dexbot_ros2_ws/src/gui_backup/gui2/.project-log	cucumber/备份/dexbot_ros2_ws_525（附件9-prepare求解失败）/dexbot_ros2_ws/src/gui_backup/gui2/.project-log	edf90347b1d3d1a14346fdc6f9fc8a94b7d90deef9d8926788edefa47f19636c
cucumber	cucumber/007__dexbot_ros2_ws__src__gui_backup__gui2	cucumber/dexbot_ros2_ws/src/gui_backup/gui2/.project-log	cucumber/备份/dexbot_ros2_ws_525（黄瓜全流程）/dexbot_ros2_ws/src/gui_backup/gui2/.project-log	edf90347b1d3d1a14346fdc6f9fc8a94b7d90deef9d8926788edefa47f19636c
cucumber	cucumber/007__dexbot_ros2_ws__src__gui_backup__gui2	cucumber/dexbot_ros2_ws/src/gui_backup/gui2/.project-log	cucumber/备份/dexbot_ros2_ws（6月7日上午）/src/gui_backup/gui2/.project-log	edf90347b1d3d1a14346fdc6f9fc8a94b7d90deef9d8926788edefa47f19636c
cucumber	cucumber/007__dexbot_ros2_ws__src__gui_backup__gui2	cucumber/dexbot_ros2_ws/src/gui_backup/gui2/.project-log	cucumber/备份/dexbot_ros2_ws（6月8日-上午）/src/gui_backup/gui2/.project-log	edf90347b1d3d1a14346fdc6f9fc8a94b7d90deef9d8926788edefa47f19636c
cucumber	cucumber/007__dexbot_ros2_ws__src__gui_backup__gui2	cucumber/dexbot_ros2_ws/src/gui_backup/gui2/.project-log	cucumber/备份/dexbot_ros2_ws（六月11日中午）/src/gui_backup/gui2/.project-log	edf90347b1d3d1a14346fdc6f9fc8a94b7d90deef9d8926788edefa47f19636c
cucumber	cucumber/007__dexbot_ros2_ws__src__gui_backup__gui2	cucumber/dexbot_ros2_ws/src/gui_backup/gui2/.project-log	cucumber/备份/dexbot_ros2_ws（附件-14）/src/gui_backup/gui2/.project-log	edf90347b1d3d1a14346fdc6f9fc8a94b7d90deef9d8926788edefa47f19636c
cucumber	cucumber/007__dexbot_ros2_ws__src__gui_backup__gui2	cucumber/dexbot_ros2_ws/src/gui_backup/gui2/.project-log	cucumber/备份/dexbot_ros2_ws（附件-15）/src/gui_backup/gui2/.project-log	edf90347b1d3d1a14346fdc6f9fc8a94b7d90deef9d8926788edefa47f19636c
cucumber	cucumber/007__dexbot_ros2_ws__src__gui_backup__gui2	cucumber/dexbot_ros2_ws/src/gui_backup/gui2/.project-log	cucumber/备份/dexbot_ros2_ws（附件16-没问题版本）/src/gui_backup/gui2/.project-log	edf90347b1d3d1a14346fdc6f9fc8a94b7d90deef9d8926788edefa47f19636c
cucumber	cucumber/007__dexbot_ros2_ws__src__gui_backup__gui2	cucumber/dexbot_ros2_ws/src/gui_backup/gui2/.project-log	cucumber/备份/dexbot_ros2_ws（附件16）/src/gui_backup/gui2/.project-log	edf90347b1d3d1a14346fdc6f9fc8a94b7d90deef9d8926788edefa47f19636c
cucumber	cucumber/007__dexbot_ros2_ws__src__gui_backup__gui2	cucumber/dexbot_ros2_ws/src/gui_backup/gui2/.project-log	tofu/dexbot_ros2_ws备份/dexbot_ros2_ws(附件22-20号上午调试的稳定版本)/src/gui_backup/gui2/.project-log	edf90347b1d3d1a14346fdc6f9fc8a94b7d90deef9d8926788edefa47f19636c
cucumber	cucumber/007__dexbot_ros2_ws__src__gui_backup__gui2	cucumber/dexbot_ros2_ws/src/gui_backup/gui2/.project-log	tofu/dexbot_ros2_ws备份/dexbot_ros2_ws(附件24-23号上午测试参数没问题版本)/src/gui_backup/gui2/.project-log	edf90347b1d3d1a14346fdc6f9fc8a94b7d90deef9d8926788edefa47f19636c
cucumber	cucumber/007__dexbot_ros2_ws__src__gui_backup__gui2	cucumber/dexbot_ros2_ws/src/gui_backup/gui2/.project-log	tofu/dexbot_ros2_ws备份/dexbot_ros2_ws11（竖着切有点小问题）/src/gui_backup/gui2/.project-log	edf90347b1d3d1a14346fdc6f9fc8a94b7d90deef9d8926788edefa47f19636c
cucumber	cucumber/007__dexbot_ros2_ws__src__gui_backup__gui2	cucumber/dexbot_ros2_ws/src/gui_backup/gui2/.project-log	tofu/dexbot_ros2_ws备份/dexbot_ros2_ws（备份16-还没有集成抓刀逻辑，做了一下phase·跳转的优化）/src/gui_backup/gui2/.project-log	edf90347b1d3d1a14346fdc6f9fc8a94b7d90deef9d8926788edefa47f19636c
cucumber	cucumber/007__dexbot_ros2_ws__src__gui_backup__gui2	cucumber/dexbot_ros2_ws/src/gui_backup/gui2/.project-log	tofu/dexbot_ros2_ws备份/dexbot_ros2_ws（复件10-准备加入box提示逻辑）/src/gui_backup/gui2/.project-log	edf90347b1d3d1a14346fdc6f9fc8a94b7d90deef9d8926788edefa47f19636c
cucumber	cucumber/007__dexbot_ros2_ws__src__gui_backup__gui2	cucumber/dexbot_ros2_ws/src/gui_backup/gui2/.project-log	tofu/dexbot_ros2_ws备份/dexbot_ros2_ws（复件12-切换右臂之后，还没调试好）/src/gui_backup/gui2/.project-log	edf90347b1d3d1a14346fdc6f9fc8a94b7d90deef9d8926788edefa47f19636c
cucumber	cucumber/007__dexbot_ros2_ws__src__gui_backup__gui2	cucumber/dexbot_ros2_ws/src/gui_backup/gui2/.project-log	tofu/dexbot_ros2_ws备份/dexbot_ros2_ws（复件13-修复了一些阶段7的下切BUG）/src/gui_backup/gui2/.project-log	edf90347b1d3d1a14346fdc6f9fc8a94b7d90deef9d8926788edefa47f19636c
cucumber	cucumber/007__dexbot_ros2_ws__src__gui_backup__gui2	cucumber/dexbot_ros2_ws/src/gui_backup/gui2/.project-log	tofu/dexbot_ros2_ws备份/dexbot_ros2_ws（复件14-目前暂时没问题的版本）/src/gui_backup/gui2/.project-log	edf90347b1d3d1a14346fdc6f9fc8a94b7d90deef9d8926788edefa47f19636c
cucumber	cucumber/007__dexbot_ros2_ws__src__gui_backup__gui2	cucumber/dexbot_ros2_ws/src/gui_backup/gui2/.project-log	tofu/dexbot_ros2_ws备份/dexbot_ros2_ws（复件17-重新标定相机之后的版本）/src/gui_backup/gui2/.project-log	edf90347b1d3d1a14346fdc6f9fc8a94b7d90deef9d8926788edefa47f19636c
cucumber	cucumber/007__dexbot_ros2_ws__src__gui_backup__gui2	cucumber/dexbot_ros2_ws/src/gui_backup/gui2/.project-log	tofu/dexbot_ros2_ws备份/dexbot_ros2_ws（复件2）/src/gui_backup/gui2/.project-log	edf90347b1d3d1a14346fdc6f9fc8a94b7d90deef9d8926788edefa47f19636c
cucumber	cucumber/007__dexbot_ros2_ws__src__gui_backup__gui2	cucumber/dexbot_ros2_ws/src/gui_backup/gui2/.project-log	tofu/dexbot_ros2_ws备份/dexbot_ros2_ws（复件3-15号初始）/src/gui_backup/gui2/.project-log	edf90347b1d3d1a14346fdc6f9fc8a94b7d90deef9d8926788edefa47f19636c
cucumber	cucumber/007__dexbot_ros2_ws__src__gui_backup__gui2	cucumber/dexbot_ros2_ws/src/gui_backup/gui2/.project-log	tofu/dexbot_ros2_ws备份/dexbot_ros2_ws（复件4）/src/gui_backup/gui2/.project-log	edf90347b1d3d1a14346fdc6f9fc8a94b7d90deef9d8926788edefa47f19636c
cucumber	cucumber/007__dexbot_ros2_ws__src__gui_backup__gui2	cucumber/dexbot_ros2_ws/src/gui_backup/gui2/.project-log	tofu/dexbot_ros2_ws备份/dexbot_ros2_ws（复件5）/src/gui_backup/gui2/.project-log	edf90347b1d3d1a14346fdc6f9fc8a94b7d90deef9d8926788edefa47f19636c
cucumber	cucumber/007__dexbot_ros2_ws__src__gui_backup__gui2	cucumber/dexbot_ros2_ws/src/gui_backup/gui2/.project-log	tofu/dexbot_ros2_ws备份/dexbot_ros2_ws（复件6）/src/gui_backup/gui2/.project-log	edf90347b1d3d1a14346fdc6f9fc8a94b7d90deef9d8926788edefa47f19636c
cucumber	cucumber/007__dexbot_ros2_ws__src__gui_backup__gui2	cucumber/dexbot_ros2_ws/src/gui_backup/gui2/.project-log	tofu/dexbot_ros2_ws备份/dexbot_ros2_ws（复件7）/src/gui_backup/gui2/.project-log	edf90347b1d3d1a14346fdc6f9fc8a94b7d90deef9d8926788edefa47f19636c
cucumber	cucumber/007__dexbot_ros2_ws__src__gui_backup__gui2	cucumber/dexbot_ros2_ws/src/gui_backup/gui2/.project-log	tofu/dexbot_ros2_ws备份/dexbot_ros2_ws（复件8中间，旋转不行）/src/gui_backup/gui2/.project-log	edf90347b1d3d1a14346fdc6f9fc8a94b7d90deef9d8926788edefa47f19636c
cucumber	cucumber/007__dexbot_ros2_ws__src__gui_backup__gui2	cucumber/dexbot_ros2_ws/src/gui_backup/gui2/.project-log	tofu/dexbot_ros2_ws备份/dexbot_ros2_ws（复件9,phase1-5没问题）/src/gui_backup/gui2/.project-log	edf90347b1d3d1a14346fdc6f9fc8a94b7d90deef9d8926788edefa47f19636c
cucumber	cucumber/007__dexbot_ros2_ws__src__gui_backup__gui2	cucumber/dexbot_ros2_ws/src/gui_backup/gui2/.project-log	tofu/dexbot_ros2_ws备份/dexbot_ros2_ws（附件15-准备集成抓刀逻辑）/src/gui_backup/gui2/.project-log	edf90347b1d3d1a14346fdc6f9fc8a94b7d90deef9d8926788edefa47f19636c
cucumber	cucumber/007__dexbot_ros2_ws__src__gui_backup__gui2	cucumber/dexbot_ros2_ws/src/gui_backup/gui2/.project-log	tofu/dexbot_ros2_ws备份/dexbot_ros2_ws（附件16-阶段3有BUG会抽搐的版本）/src/gui_backup/gui2/.project-log	edf90347b1d3d1a14346fdc6f9fc8a94b7d90deef9d8926788edefa47f19636c
cucumber	cucumber/007__dexbot_ros2_ws__src__gui_backup__gui2	cucumber/dexbot_ros2_ws/src/gui_backup/gui2/.project-log	tofu/dexbot_ros2_ws备份/dexbot_ros2_ws（附件17-开始集成抓刀的逻辑）/src/gui_backup/gui2/.project-log	edf90347b1d3d1a14346fdc6f9fc8a94b7d90deef9d8926788edefa47f19636c
cucumber	cucumber/007__dexbot_ros2_ws__src__gui_backup__gui2	cucumber/dexbot_ros2_ws/src/gui_backup/gui2/.project-log	tofu/dexbot_ros2_ws备份/dexbot_ros2_ws（附件18-初步测试可以抓刀，需要修改一下抓刀参数然后测试能不能全流程）/src/gui_backup/gui2/.project-log	edf90347b1d3d1a14346fdc6f9fc8a94b7d90deef9d8926788edefa47f19636c
cucumber	cucumber/007__dexbot_ros2_ws__src__gui_backup__gui2	cucumber/dexbot_ros2_ws/src/gui_backup/gui2/.project-log	tofu/dexbot_ros2_ws备份/dexbot_ros2_ws（附件19-全流程能串但是拔刀之后切豆腐会抽搐）/src/gui_backup/gui2/.project-log	edf90347b1d3d1a14346fdc6f9fc8a94b7d90deef9d8926788edefa47f19636c
cucumber	cucumber/007__dexbot_ros2_ws__src__gui_backup__gui2	cucumber/dexbot_ros2_ws/src/gui_backup/gui2/.project-log	tofu/dexbot_ros2_ws备份/dexbot_ros2_ws（附件20）/src/gui_backup/gui2/.project-log	edf90347b1d3d1a14346fdc6f9fc8a94b7d90deef9d8926788edefa47f19636c
cucumber	cucumber/007__dexbot_ros2_ws__src__gui_backup__gui2	cucumber/dexbot_ros2_ws/src/gui_backup/gui2/.project-log	tofu/dexbot_ros2_ws备份/dexbot_ros2_ws（附件21-全流程参数最优版）/src/gui_backup/gui2/.project-log	edf90347b1d3d1a14346fdc6f9fc8a94b7d90deef9d8926788edefa47f19636c
cucumber	cucumber/007__dexbot_ros2_ws__src__gui_backup__gui2	cucumber/dexbot_ros2_ws/src/gui_backup/gui2/.project-log	tofu/dexbot_ros2_ws备份/dexbot_ros2_ws（附件23-拔刀修好了，但是阶段2还是不会动有BUG）/src/gui_backup/gui2/.project-log	edf90347b1d3d1a14346fdc6f9fc8a94b7d90deef9d8926788edefa47f19636c
cucumber	cucumber/007__dexbot_ros2_ws__src__gui_backup__gui2	cucumber/dexbot_ros2_ws/src/gui_backup/gui2/.project-log	tofu/dexbot_ros2_ws备份/dexbot_ros2_ws（附件25-视觉优化第一版本）/src/gui_backup/gui2/.project-log	edf90347b1d3d1a14346fdc6f9fc8a94b7d90deef9d8926788edefa47f19636c
cucumber	cucumber/007__dexbot_ros2_ws__src__gui_backup__gui2	cucumber/dexbot_ros2_ws/src/gui_backup/gui2/.project-log	tofu/dexbot_ros2_ws备份/dexbot_ros2_ws（附件26-继续优化）/src/gui_backup/gui2/.project-log	edf90347b1d3d1a14346fdc6f9fc8a94b7d90deef9d8926788edefa47f19636c
cucumber	cucumber/007__dexbot_ros2_ws__src__gui_backup__gui2	cucumber/dexbot_ros2_ws/src/gui_backup/gui2/.project-log	tofu/dexbot_ros2_ws备份/dexbot_ros2_ws（附件27-视觉优化版本2）/src/gui_backup/gui2/.project-log	edf90347b1d3d1a14346fdc6f9fc8a94b7d90deef9d8926788edefa47f19636c
cucumber	cucumber/007__dexbot_ros2_ws__src__gui_backup__gui2	cucumber/dexbot_ros2_ws/src/gui_backup/gui2/.project-log	tofu/dexbot_ros2_ws备份/dexbot_ros2_ws（附件28-准备优化阶段7的切割逻辑）/src/gui_backup/gui2/.project-log	edf90347b1d3d1a14346fdc6f9fc8a94b7d90deef9d8926788edefa47f19636c
cucumber	cucumber/007__dexbot_ros2_ws__src__gui_backup__gui2	cucumber/dexbot_ros2_ws/src/gui_backup/gui2/.project-log	tofu/dexbot_ros2_ws备份/dexbot_ros2_ws（附件29-23号最终版本）/src/gui_backup/gui2/.project-log	edf90347b1d3d1a14346fdc6f9fc8a94b7d90deef9d8926788edefa47f19636c
cucumber	cucumber/007__dexbot_ros2_ws__src__gui_backup__gui2	cucumber/dexbot_ros2_ws/src/gui_backup/gui2/.project-log	tofu/dexbot_ros2_ws备份/dexbot_ros2_ws（附件30-开始优化过渡阶段逻辑）/src/gui_backup/gui2/.project-log	edf90347b1d3d1a14346fdc6f9fc8a94b7d90deef9d8926788edefa47f19636c
cucumber	cucumber/007__dexbot_ros2_ws__src__gui_backup__gui2	cucumber/dexbot_ros2_ws/src/gui_backup/gui2/.project-log	tofu/dexbot_ros2_ws备份/dexbot_ros2_ws（附件31-24号最终没问题版本）/src/gui_backup/gui2/.project-log	edf90347b1d3d1a14346fdc6f9fc8a94b7d90deef9d8926788edefa47f19636c
cucumber	cucumber/007__dexbot_ros2_ws__src__gui_backup__gui2	cucumber/dexbot_ros2_ws/src/gui_backup/gui2/.project-log	tofu/dexbot_ros2_ws备份/dexbot_ros2_ws（附件32-准备重构框架）/src/gui_backup/gui2/.project-log	edf90347b1d3d1a14346fdc6f9fc8a94b7d90deef9d8926788edefa47f19636c
cucumber	cucumber/007__dexbot_ros2_ws__src__gui_backup__gui2	cucumber/dexbot_ros2_ws/src/gui_backup/gui2/.project-log	切黄瓜项目跟踪/dexbot_ros2_ws（另一个复件）/src/gui_backup/gui2/.project-log	edf90347b1d3d1a14346fdc6f9fc8a94b7d90deef9d8926788edefa47f19636c
cucumber	cucumber/007__dexbot_ros2_ws__src__gui_backup__gui2	cucumber/dexbot_ros2_ws/src/gui_backup/gui2/.project-log	切黄瓜项目跟踪/dexbot_ros2_ws（复件）/src/gui_backup/gui2/.project-log	edf90347b1d3d1a14346fdc6f9fc8a94b7d90deef9d8926788edefa47f19636c
cucumber	cucumber/007__dexbot_ros2_ws__src__gui_backup__gui2	cucumber/dexbot_ros2_ws/src/gui_backup/gui2/.project-log	切黄瓜项目跟踪/dexbot_ros2_ws（第 3 个复件）/src/gui_backup/gui2/.project-log	edf90347b1d3d1a14346fdc6f9fc8a94b7d90deef9d8926788edefa47f19636c
cucumber	cucumber/011__备份__dexbot_ros2_ws(6号修改)__src__cuttofo_xcore	cucumber/备份/dexbot_ros2_ws(6号修改)/src/cuttofo_xcore/.project-log	cucumber/备份/dexbot_ros2_ws_525（原始版本）/dexbot_ros2_ws/src/cuttofo_xcore/.project-log	d2753aa330b46fb5d2ec886074e512f727acb7ee56451560f247c217c1cbd547
cucumber	cucumber/011__备份__dexbot_ros2_ws(6号修改)__src__cuttofo_xcore	cucumber/备份/dexbot_ros2_ws(6号修改)/src/cuttofo_xcore/.project-log	cucumber/备份/dexbot_ros2_ws_525（复件）/dexbot_ros2_ws/src/cuttofo_xcore/.project-log	d2753aa330b46fb5d2ec886074e512f727acb7ee56451560f247c217c1cbd547
cucumber	cucumber/011__备份__dexbot_ros2_ws(6号修改)__src__cuttofo_xcore	cucumber/备份/dexbot_ros2_ws(6号修改)/src/cuttofo_xcore/.project-log	cucumber/备份/dexbot_ros2_ws_525（附件-13）/dexbot_ros2_ws/src/cuttofo_xcore/.project-log	d2753aa330b46fb5d2ec886074e512f727acb7ee56451560f247c217c1cbd547
cucumber	cucumber/011__备份__dexbot_ros2_ws(6号修改)__src__cuttofo_xcore	cucumber/备份/dexbot_ros2_ws(6号修改)/src/cuttofo_xcore/.project-log	cucumber/备份/dexbot_ros2_ws_525（附件10-豆腐全流程正在推进）/dexbot_ros2_ws/src/cuttofo_xcore/.project-log	d2753aa330b46fb5d2ec886074e512f727acb7ee56451560f247c217c1cbd547
cucumber	cucumber/011__备份__dexbot_ros2_ws(6号修改)__src__cuttofo_xcore	cucumber/备份/dexbot_ros2_ws(6号修改)/src/cuttofo_xcore/.project-log	cucumber/备份/dexbot_ros2_ws_525（附件11-初步全流程）/dexbot_ros2_ws/src/cuttofo_xcore/.project-log	d2753aa330b46fb5d2ec886074e512f727acb7ee56451560f247c217c1cbd547
cucumber	cucumber/011__备份__dexbot_ros2_ws(6号修改)__src__cuttofo_xcore	cucumber/备份/dexbot_ros2_ws(6号修改)/src/cuttofo_xcore/.project-log	cucumber/备份/dexbot_ros2_ws_525（附件12-全流程参数没优化）/dexbot_ros2_ws/src/cuttofo_xcore/.project-log	d2753aa330b46fb5d2ec886074e512f727acb7ee56451560f247c217c1cbd547
cucumber	cucumber/011__备份__dexbot_ros2_ws(6号修改)__src__cuttofo_xcore	cucumber/备份/dexbot_ros2_ws(6号修改)/src/cuttofo_xcore/.project-log	cucumber/备份/dexbot_ros2_ws_525（附件2）/dexbot_ros2_ws/src/cuttofo_xcore/.project-log	d2753aa330b46fb5d2ec886074e512f727acb7ee56451560f247c217c1cbd547
cucumber	cucumber/011__备份__dexbot_ros2_ws(6号修改)__src__cuttofo_xcore	cucumber/备份/dexbot_ros2_ws(6号修改)/src/cuttofo_xcore/.project-log	cucumber/备份/dexbot_ros2_ws_525（附件3）/dexbot_ros2_ws/src/cuttofo_xcore/.project-log	d2753aa330b46fb5d2ec886074e512f727acb7ee56451560f247c217c1cbd547
cucumber	cucumber/011__备份__dexbot_ros2_ws(6号修改)__src__cuttofo_xcore	cucumber/备份/dexbot_ros2_ws(6号修改)/src/cuttofo_xcore/.project-log	cucumber/备份/dexbot_ros2_ws_525（附件5）/dexbot_ros2_ws/src/cuttofo_xcore/.project-log	d2753aa330b46fb5d2ec886074e512f727acb7ee56451560f247c217c1cbd547
cucumber	cucumber/011__备份__dexbot_ros2_ws(6号修改)__src__cuttofo_xcore	cucumber/备份/dexbot_ros2_ws(6号修改)/src/cuttofo_xcore/.project-log	cucumber/备份/dexbot_ros2_ws_525（附件6）/dexbot_ros2_ws/src/cuttofo_xcore/.project-log	d2753aa330b46fb5d2ec886074e512f727acb7ee56451560f247c217c1cbd547
cucumber	cucumber/011__备份__dexbot_ros2_ws(6号修改)__src__cuttofo_xcore	cucumber/备份/dexbot_ros2_ws(6号修改)/src/cuttofo_xcore/.project-log	cucumber/备份/dexbot_ros2_ws_525（附件7-框架优化）/dexbot_ros2_ws/src/cuttofo_xcore/.project-log	d2753aa330b46fb5d2ec886074e512f727acb7ee56451560f247c217c1cbd547
cucumber	cucumber/011__备份__dexbot_ros2_ws(6号修改)__src__cuttofo_xcore	cucumber/备份/dexbot_ros2_ws(6号修改)/src/cuttofo_xcore/.project-log	cucumber/备份/dexbot_ros2_ws_525（附件8-开始解决豆腐问题）/dexbot_ros2_ws/src/cuttofo_xcore/.project-log	d2753aa330b46fb5d2ec886074e512f727acb7ee56451560f247c217c1cbd547
cucumber	cucumber/011__备份__dexbot_ros2_ws(6号修改)__src__cuttofo_xcore	cucumber/备份/dexbot_ros2_ws(6号修改)/src/cuttofo_xcore/.project-log	cucumber/备份/dexbot_ros2_ws_525（附件9-prepare求解失败）/dexbot_ros2_ws/src/cuttofo_xcore/.project-log	d2753aa330b46fb5d2ec886074e512f727acb7ee56451560f247c217c1cbd547
cucumber	cucumber/011__备份__dexbot_ros2_ws(6号修改)__src__cuttofo_xcore	cucumber/备份/dexbot_ros2_ws(6号修改)/src/cuttofo_xcore/.project-log	cucumber/备份/dexbot_ros2_ws_525（黄瓜全流程）/dexbot_ros2_ws/src/cuttofo_xcore/.project-log	d2753aa330b46fb5d2ec886074e512f727acb7ee56451560f247c217c1cbd547
cucumber	cucumber/011__备份__dexbot_ros2_ws(6号修改)__src__cuttofo_xcore	cucumber/备份/dexbot_ros2_ws(6号修改)/src/cuttofo_xcore/.project-log	cucumber/备份/dexbot_ros2_ws（6月7日上午）/src/cuttofo_xcore/.project-log	d2753aa330b46fb5d2ec886074e512f727acb7ee56451560f247c217c1cbd547
cucumber	cucumber/011__备份__dexbot_ros2_ws(6号修改)__src__cuttofo_xcore	cucumber/备份/dexbot_ros2_ws(6号修改)/src/cuttofo_xcore/.project-log	cucumber/备份/dexbot_ros2_ws（6月8日-上午）/src/cuttofo_xcore/.project-log	d2753aa330b46fb5d2ec886074e512f727acb7ee56451560f247c217c1cbd547
cucumber	cucumber/011__备份__dexbot_ros2_ws(6号修改)__src__cuttofo_xcore	cucumber/备份/dexbot_ros2_ws(6号修改)/src/cuttofo_xcore/.project-log	cucumber/备份/dexbot_ros2_ws（附件-14）/src/cuttofo_xcore/.project-log	d2753aa330b46fb5d2ec886074e512f727acb7ee56451560f247c217c1cbd547
cucumber	cucumber/011__备份__dexbot_ros2_ws(6号修改)__src__cuttofo_xcore	cucumber/备份/dexbot_ros2_ws(6号修改)/src/cuttofo_xcore/.project-log	cucumber/备份/dexbot_ros2_ws（附件-15）/src/cuttofo_xcore/.project-log	d2753aa330b46fb5d2ec886074e512f727acb7ee56451560f247c217c1cbd547
cucumber	cucumber/011__备份__dexbot_ros2_ws(6号修改)__src__cuttofo_xcore	cucumber/备份/dexbot_ros2_ws(6号修改)/src/cuttofo_xcore/.project-log	cucumber/备份/dexbot_ros2_ws（附件16-没问题版本）/src/cuttofo_xcore/.project-log	d2753aa330b46fb5d2ec886074e512f727acb7ee56451560f247c217c1cbd547
cucumber	cucumber/011__备份__dexbot_ros2_ws(6号修改)__src__cuttofo_xcore	cucumber/备份/dexbot_ros2_ws(6号修改)/src/cuttofo_xcore/.project-log	cucumber/备份/dexbot_ros2_ws（附件16）/src/cuttofo_xcore/.project-log	d2753aa330b46fb5d2ec886074e512f727acb7ee56451560f247c217c1cbd547
cucumber	cucumber/011__备份__dexbot_ros2_ws(6号修改)__src__cuttofo_xcore	cucumber/备份/dexbot_ros2_ws(6号修改)/src/cuttofo_xcore/.project-log	tofu/dexbot_ros2_ws备份/dexbot_ros2_ws(附件24-23号上午测试参数没问题版本)/src/cuttofo_xcore/.project-log	d2753aa330b46fb5d2ec886074e512f727acb7ee56451560f247c217c1cbd547
cucumber	cucumber/011__备份__dexbot_ros2_ws(6号修改)__src__cuttofo_xcore	cucumber/备份/dexbot_ros2_ws(6号修改)/src/cuttofo_xcore/.project-log	tofu/dexbot_ros2_ws备份/dexbot_ros2_ws（附件23-拔刀修好了，但是阶段2还是不会动有BUG）/src/cuttofo_xcore/.project-log	d2753aa330b46fb5d2ec886074e512f727acb7ee56451560f247c217c1cbd547
cucumber	cucumber/014__备份__dexbot_ros2_ws1（附件4）__src__cuttofo_xcore	cucumber/备份/dexbot_ros2_ws1（附件4）/src/cuttofo_xcore/.project-log	tofu/dexbot_ros2_ws备份/dexbot_ros2_ws（附件30-开始优化过渡阶段逻辑）/src/cuttofo_xcore/.project-log	a4a97e7a1d17b36c8c261a465e3a95d287021875aa40abb0647e48926dcfe756
cucumber	cucumber/014__备份__dexbot_ros2_ws1（附件4）__src__cuttofo_xcore	cucumber/备份/dexbot_ros2_ws1（附件4）/src/cuttofo_xcore/.project-log	tofu/dexbot_ros2_ws备份/dexbot_ros2_ws（附件31-24号最终没问题版本）/src/cuttofo_xcore/.project-log	a4a97e7a1d17b36c8c261a465e3a95d287021875aa40abb0647e48926dcfe756
cucumber	cucumber/014__备份__dexbot_ros2_ws1（附件4）__src__cuttofo_xcore	cucumber/备份/dexbot_ros2_ws1（附件4）/src/cuttofo_xcore/.project-log	tofu/dexbot_ros2_ws备份/dexbot_ros2_ws（附件32-准备重构框架）/src/cuttofo_xcore/.project-log	a4a97e7a1d17b36c8c261a465e3a95d287021875aa40abb0647e48926dcfe756
cucumber	cucumber/017__备份__dexbot_ros2_ws_525（附件11-初步全流程）__dexbot_ros2_ws	cucumber/备份/dexbot_ros2_ws_525（附件11-初步全流程）/dexbot_ros2_ws/.project-log	cucumber/备份/dexbot_ros2_ws_525（附件10-豆腐全流程正在推进）/dexbot_ros2_ws/.project-log	59fb7a260c04ceaadd99d33c6f54593fcc088f83c71aad0b9a9f1c4d0b676580
cucumber	cucumber/017__备份__dexbot_ros2_ws_525（附件11-初步全流程）__dexbot_ros2_ws	cucumber/备份/dexbot_ros2_ws_525（附件11-初步全流程）/dexbot_ros2_ws/.project-log	cucumber/备份/dexbot_ros2_ws_525（附件12-全流程参数没优化）/dexbot_ros2_ws/.project-log	59fb7a260c04ceaadd99d33c6f54593fcc088f83c71aad0b9a9f1c4d0b676580
cucumber	cucumber/019__备份__dexbot_ros2_ws_525（附件14-浇汁代码）__dexbot_ros2_ws__src__cuttofo_xcore	cucumber/备份/dexbot_ros2_ws_525（附件14-浇汁代码）/dexbot_ros2_ws/src/cuttofo_xcore/.project-log	cucumber/备份/dexbot_ros2_ws_525（附件14-saurce备份）/dexbot_ros2_ws/src/cuttofo_xcore/.project-log	992ee3a3f05e819b3c9b638a80743109e3443466489f4b2822af513a13cf111c
cucumber	cucumber/021__备份__dexbot_ros2_ws_525（附件14-浇汁代码）__dexbot_ros2_ws__src__dexbot_middle_layer__CutTofo__toolbox__cuttofo_calibration	cucumber/备份/dexbot_ros2_ws_525（附件14-浇汁代码）/dexbot_ros2_ws/src/dexbot_middle_layer/CutTofo/toolbox/cuttofo_calibration/.project-log	cucumber/备份/dexbot_ros2_ws_525（附件14-saurce备份）/dexbot_ros2_ws/src/dexbot_middle_layer/CutTofo/toolbox/cuttofo_calibration/.project-log	0e6fb07b46ce76734d17f9bdcb40136f963e00a694fa11a6fff271c198cd300e
cucumber	cucumber/022__备份__dexbot_ros2_ws_525（附件14-浇汁代码）__dexbot_ros2_ws__src__gui_backup__gui	cucumber/备份/dexbot_ros2_ws_525（附件14-浇汁代码）/dexbot_ros2_ws/src/gui_backup/gui/.project-log	cucumber/备份/dexbot_ros2_ws_525（附件14-saurce备份）/dexbot_ros2_ws/src/gui_backup/gui/.project-log	33e02fa00ecd6bf80cd46bfcbad65756e6d6053b1f4a6c8a8ba3622cf908e071
cucumber	cucumber/023__备份__dexbot_ros2_ws_525（附件14-浇汁代码）__dexbot_ros2_ws__src__gui_backup__gui2	cucumber/备份/dexbot_ros2_ws_525（附件14-浇汁代码）/dexbot_ros2_ws/src/gui_backup/gui2/.project-log	cucumber/备份/dexbot_ros2_ws_525（附件14-saurce备份）/dexbot_ros2_ws/src/gui_backup/gui2/.project-log	eb51e88f94364413511aeda5c3f5fdf290bbda0e73792e820124b53bd87b1b54
cucumber	cucumber/024__备份__dexbot_ros2_ws_525（附件2）__dexbot_ros2_ws	cucumber/备份/dexbot_ros2_ws_525（附件2）/dexbot_ros2_ws/.project-log	cucumber/备份/dexbot_ros2_ws_525（附件3）/dexbot_ros2_ws/.project-log	8146b82a40e18bd8e6dfbbaed6ad6839a307d827b532d325b50802a7c83f4e02
cucumber	cucumber/024__备份__dexbot_ros2_ws_525（附件2）__dexbot_ros2_ws	cucumber/备份/dexbot_ros2_ws_525（附件2）/dexbot_ros2_ws/.project-log	cucumber/备份/dexbot_ros2_ws_525（附件5）/dexbot_ros2_ws/.project-log	8146b82a40e18bd8e6dfbbaed6ad6839a307d827b532d325b50802a7c83f4e02
cucumber	cucumber/026__备份__dexbot_ros2_ws_525（附件8-开始解决豆腐问题）__dexbot_ros2_ws	cucumber/备份/dexbot_ros2_ws_525（附件8-开始解决豆腐问题）/dexbot_ros2_ws/.project-log	cucumber/备份/dexbot_ros2_ws_525（附件9-prepare求解失败）/dexbot_ros2_ws/.project-log	175254c7d44b882e47b50af4784fa1c54f44b8befa1288002f635dd15eb39200
cucumber	cucumber/027__备份__dexbot_ros2_ws_525（黄瓜全流程）__dexbot_ros2_ws	cucumber/备份/dexbot_ros2_ws_525（黄瓜全流程）/dexbot_ros2_ws/.project-log	cucumber/备份/dexbot_ros2_ws_525（附件6）/dexbot_ros2_ws/.project-log	687fcf22d46ed689776d7422f73c1dadd6363e304bd8cc1f88b722d8bdcebc8d
cucumber	cucumber/028__备份__dexbot_ros2_ws_525（黄瓜全流程）__dexbot_ros2_ws__src__gui	cucumber/备份/dexbot_ros2_ws_525（黄瓜全流程）/dexbot_ros2_ws/src/gui/.project-log	cucumber/备份/dexbot_ros2_ws1（附件4）/src/gui/.project-log	53b107176085b688fe8475fb86def7f38b79c3cdaccc380b1591b012be27f8b6
cucumber	cucumber/028__备份__dexbot_ros2_ws_525（黄瓜全流程）__dexbot_ros2_ws__src__gui	cucumber/备份/dexbot_ros2_ws_525（黄瓜全流程）/dexbot_ros2_ws/src/gui/.project-log	cucumber/备份/dexbot_ros2_ws_525（复件）/dexbot_ros2_ws/src/gui/.project-log	53b107176085b688fe8475fb86def7f38b79c3cdaccc380b1591b012be27f8b6
cucumber	cucumber/028__备份__dexbot_ros2_ws_525（黄瓜全流程）__dexbot_ros2_ws__src__gui	cucumber/备份/dexbot_ros2_ws_525（黄瓜全流程）/dexbot_ros2_ws/src/gui/.project-log	cucumber/备份/dexbot_ros2_ws_525（附件-13）/dexbot_ros2_ws/src/gui/.project-log	53b107176085b688fe8475fb86def7f38b79c3cdaccc380b1591b012be27f8b6
cucumber	cucumber/028__备份__dexbot_ros2_ws_525（黄瓜全流程）__dexbot_ros2_ws__src__gui	cucumber/备份/dexbot_ros2_ws_525（黄瓜全流程）/dexbot_ros2_ws/src/gui/.project-log	cucumber/备份/dexbot_ros2_ws_525（附件10-豆腐全流程正在推进）/dexbot_ros2_ws/src/gui/.project-log	53b107176085b688fe8475fb86def7f38b79c3cdaccc380b1591b012be27f8b6
cucumber	cucumber/028__备份__dexbot_ros2_ws_525（黄瓜全流程）__dexbot_ros2_ws__src__gui	cucumber/备份/dexbot_ros2_ws_525（黄瓜全流程）/dexbot_ros2_ws/src/gui/.project-log	cucumber/备份/dexbot_ros2_ws_525（附件11-初步全流程）/dexbot_ros2_ws/src/gui/.project-log	53b107176085b688fe8475fb86def7f38b79c3cdaccc380b1591b012be27f8b6
cucumber	cucumber/028__备份__dexbot_ros2_ws_525（黄瓜全流程）__dexbot_ros2_ws__src__gui	cucumber/备份/dexbot_ros2_ws_525（黄瓜全流程）/dexbot_ros2_ws/src/gui/.project-log	cucumber/备份/dexbot_ros2_ws_525（附件12-全流程参数没优化）/dexbot_ros2_ws/src/gui/.project-log	53b107176085b688fe8475fb86def7f38b79c3cdaccc380b1591b012be27f8b6
cucumber	cucumber/028__备份__dexbot_ros2_ws_525（黄瓜全流程）__dexbot_ros2_ws__src__gui	cucumber/备份/dexbot_ros2_ws_525（黄瓜全流程）/dexbot_ros2_ws/src/gui/.project-log	cucumber/备份/dexbot_ros2_ws_525（附件14-saurce备份）/dexbot_ros2_ws/src/gui/.project-log	53b107176085b688fe8475fb86def7f38b79c3cdaccc380b1591b012be27f8b6
cucumber	cucumber/028__备份__dexbot_ros2_ws_525（黄瓜全流程）__dexbot_ros2_ws__src__gui	cucumber/备份/dexbot_ros2_ws_525（黄瓜全流程）/dexbot_ros2_ws/src/gui/.project-log	cucumber/备份/dexbot_ros2_ws_525（附件14-浇汁代码）/dexbot_ros2_ws/src/gui/.project-log	53b107176085b688fe8475fb86def7f38b79c3cdaccc380b1591b012be27f8b6
cucumber	cucumber/028__备份__dexbot_ros2_ws_525（黄瓜全流程）__dexbot_ros2_ws__src__gui	cucumber/备份/dexbot_ros2_ws_525（黄瓜全流程）/dexbot_ros2_ws/src/gui/.project-log	cucumber/备份/dexbot_ros2_ws_525（附件2）/dexbot_ros2_ws/src/gui/.project-log	53b107176085b688fe8475fb86def7f38b79c3cdaccc380b1591b012be27f8b6
cucumber	cucumber/028__备份__dexbot_ros2_ws_525（黄瓜全流程）__dexbot_ros2_ws__src__gui	cucumber/备份/dexbot_ros2_ws_525（黄瓜全流程）/dexbot_ros2_ws/src/gui/.project-log	cucumber/备份/dexbot_ros2_ws_525（附件3）/dexbot_ros2_ws/src/gui/.project-log	53b107176085b688fe8475fb86def7f38b79c3cdaccc380b1591b012be27f8b6
cucumber	cucumber/028__备份__dexbot_ros2_ws_525（黄瓜全流程）__dexbot_ros2_ws__src__gui	cucumber/备份/dexbot_ros2_ws_525（黄瓜全流程）/dexbot_ros2_ws/src/gui/.project-log	cucumber/备份/dexbot_ros2_ws_525（附件5）/dexbot_ros2_ws/src/gui/.project-log	53b107176085b688fe8475fb86def7f38b79c3cdaccc380b1591b012be27f8b6
cucumber	cucumber/028__备份__dexbot_ros2_ws_525（黄瓜全流程）__dexbot_ros2_ws__src__gui	cucumber/备份/dexbot_ros2_ws_525（黄瓜全流程）/dexbot_ros2_ws/src/gui/.project-log	cucumber/备份/dexbot_ros2_ws_525（附件6）/dexbot_ros2_ws/src/gui/.project-log	53b107176085b688fe8475fb86def7f38b79c3cdaccc380b1591b012be27f8b6
cucumber	cucumber/028__备份__dexbot_ros2_ws_525（黄瓜全流程）__dexbot_ros2_ws__src__gui	cucumber/备份/dexbot_ros2_ws_525（黄瓜全流程）/dexbot_ros2_ws/src/gui/.project-log	cucumber/备份/dexbot_ros2_ws_525（附件7-框架优化）/dexbot_ros2_ws/src/gui/.project-log	53b107176085b688fe8475fb86def7f38b79c3cdaccc380b1591b012be27f8b6
cucumber	cucumber/028__备份__dexbot_ros2_ws_525（黄瓜全流程）__dexbot_ros2_ws__src__gui	cucumber/备份/dexbot_ros2_ws_525（黄瓜全流程）/dexbot_ros2_ws/src/gui/.project-log	cucumber/备份/dexbot_ros2_ws_525（附件8-开始解决豆腐问题）/dexbot_ros2_ws/src/gui/.project-log	53b107176085b688fe8475fb86def7f38b79c3cdaccc380b1591b012be27f8b6
cucumber	cucumber/028__备份__dexbot_ros2_ws_525（黄瓜全流程）__dexbot_ros2_ws__src__gui	cucumber/备份/dexbot_ros2_ws_525（黄瓜全流程）/dexbot_ros2_ws/src/gui/.project-log	cucumber/备份/dexbot_ros2_ws_525（附件9-prepare求解失败）/dexbot_ros2_ws/src/gui/.project-log	53b107176085b688fe8475fb86def7f38b79c3cdaccc380b1591b012be27f8b6
cucumber	cucumber/028__备份__dexbot_ros2_ws_525（黄瓜全流程）__dexbot_ros2_ws__src__gui	cucumber/备份/dexbot_ros2_ws_525（黄瓜全流程）/dexbot_ros2_ws/src/gui/.project-log	tofu/dexbot_ros2_ws备份/dexbot_ros2_ws（附件32-准备重构框架）/src/gui/.project-log	53b107176085b688fe8475fb86def7f38b79c3cdaccc380b1591b012be27f8b6
cucumber	cucumber/034__备份__dexbot_ros2_ws（附件16）__src__dexbot_middle_layer__CutTofo	cucumber/备份/dexbot_ros2_ws（附件16）/src/dexbot_middle_layer/CutTofo/.project-log	cucumber/备份/dexbot_ros2_ws（附件16-没问题版本）/src/dexbot_middle_layer/CutTofo/.project-log	a18e93184a534538d39f5ad0b13b2865cf9dcdc4eb294d48bba5754f5b35a551
tofu	tofu/001__dexbot_ros2_ws	tofu/dexbot_ros2_ws/.project-log	cucumber/备份/dexbot_ros2_ws1（附件4）/.project-log	7bf29dcca36ccf576ed52d4f0ec52d8c925de2422f8540b6c3e7441c6b8ef466
tofu	tofu/001__dexbot_ros2_ws	tofu/dexbot_ros2_ws/.project-log	tofu/dexbot_ros2_ws备份/dexbot_ros2_ws（6月11日上午）/.project-log	7bf29dcca36ccf576ed52d4f0ec52d8c925de2422f8540b6c3e7441c6b8ef466
tofu	tofu/001__dexbot_ros2_ws	tofu/dexbot_ros2_ws/.project-log	tofu/dexbot_ros2_ws备份/dexbot_ros2_ws（附件32-准备重构框架）/.project-log	7bf29dcca36ccf576ed52d4f0ec52d8c925de2422f8540b6c3e7441c6b8ef466
tofu	tofu/002__dexbot_ros2_ws__src__cuttofo_calibration	tofu/dexbot_ros2_ws/src/cuttofo_calibration/.project-log	tofu/dexbot_ros2_ws备份/dexbot_ros2_ws（6月11日上午）/src/cuttofo_calibration/.project-log	a669ea88db660e1aac97d6809a3b3607d61f276cf13215915b0a8d0b65cd7738
tofu	tofu/002__dexbot_ros2_ws__src__cuttofo_calibration	tofu/dexbot_ros2_ws/src/cuttofo_calibration/.project-log	tofu/dexbot_ros2_ws备份/dexbot_ros2_ws（附件33-垃圾版本）/src/cuttofo_calibration/.project-log	a669ea88db660e1aac97d6809a3b3607d61f276cf13215915b0a8d0b65cd7738
tofu	tofu/003__dexbot_ros2_ws__src__cuttofo_lbot	tofu/dexbot_ros2_ws/src/cuttofo_lbot/.project-log	tofu/dexbot_ros2_ws备份/dexbot_ros2_ws（6月11日上午）/src/cuttofo_lbot/.project-log	5ca645ee08e1d6b006d3a21cae6190965c2f55b925f5dd322576add6c20d7a5e
tofu	tofu/004__dexbot_ros2_ws__src__cuttofo_xcore	tofu/dexbot_ros2_ws/src/cuttofo_xcore/.project-log	tofu/dexbot_ros2_ws备份/dexbot_ros2_ws（6月11日上午）/src/cuttofo_xcore/.project-log	336c725628309e886bf02ea7280fb3c7e8618710e975ce3e593b7cd5880bf5b8
tofu	tofu/005__dexbot_ros2_ws__src__gui	tofu/dexbot_ros2_ws/src/gui/.project-log	cucumber/dexbot_ros2_ws（复件）/src/gui/.project-log	56bc30b2c2eabd28f3f46435c4b356ed5ca5631778dbd0c6600f36bdbb23b3af
tofu	tofu/005__dexbot_ros2_ws__src__gui	tofu/dexbot_ros2_ws/src/gui/.project-log	cucumber/备份/dexbot_ros2_ws(6号修改)/src/gui/.project-log	56bc30b2c2eabd28f3f46435c4b356ed5ca5631778dbd0c6600f36bdbb23b3af
tofu	tofu/005__dexbot_ros2_ws__src__gui	tofu/dexbot_ros2_ws/src/gui/.project-log	cucumber/备份/dexbot_ros2_ws(附件16)/src/gui/.project-log	56bc30b2c2eabd28f3f46435c4b356ed5ca5631778dbd0c6600f36bdbb23b3af
tofu	tofu/005__dexbot_ros2_ws__src__gui	tofu/dexbot_ros2_ws/src/gui/.project-log	cucumber/备份/dexbot_ros2_ws（6月7日上午）/src/gui/.project-log	56bc30b2c2eabd28f3f46435c4b356ed5ca5631778dbd0c6600f36bdbb23b3af
tofu	tofu/005__dexbot_ros2_ws__src__gui	tofu/dexbot_ros2_ws/src/gui/.project-log	cucumber/备份/dexbot_ros2_ws（6月8日-上午）/src/gui/.project-log	56bc30b2c2eabd28f3f46435c4b356ed5ca5631778dbd0c6600f36bdbb23b3af
tofu	tofu/005__dexbot_ros2_ws__src__gui	tofu/dexbot_ros2_ws/src/gui/.project-log	cucumber/备份/dexbot_ros2_ws（六月11日中午）/src/gui/.project-log	56bc30b2c2eabd28f3f46435c4b356ed5ca5631778dbd0c6600f36bdbb23b3af
tofu	tofu/005__dexbot_ros2_ws__src__gui	tofu/dexbot_ros2_ws/src/gui/.project-log	cucumber/备份/dexbot_ros2_ws（附件-14）/src/gui/.project-log	56bc30b2c2eabd28f3f46435c4b356ed5ca5631778dbd0c6600f36bdbb23b3af
tofu	tofu/005__dexbot_ros2_ws__src__gui	tofu/dexbot_ros2_ws/src/gui/.project-log	cucumber/备份/dexbot_ros2_ws（附件-15）/src/gui/.project-log	56bc30b2c2eabd28f3f46435c4b356ed5ca5631778dbd0c6600f36bdbb23b3af
tofu	tofu/005__dexbot_ros2_ws__src__gui	tofu/dexbot_ros2_ws/src/gui/.project-log	cucumber/备份/dexbot_ros2_ws（附件16-没问题版本）/src/gui/.project-log	56bc30b2c2eabd28f3f46435c4b356ed5ca5631778dbd0c6600f36bdbb23b3af
tofu	tofu/005__dexbot_ros2_ws__src__gui	tofu/dexbot_ros2_ws/src/gui/.project-log	cucumber/备份/dexbot_ros2_ws（附件16）/src/gui/.project-log	56bc30b2c2eabd28f3f46435c4b356ed5ca5631778dbd0c6600f36bdbb23b3af
tofu	tofu/005__dexbot_ros2_ws__src__gui	tofu/dexbot_ros2_ws/src/gui/.project-log	tofu/dexbot_ros2_ws备份/dexbot_ros2_ws（6月11日上午）/src/gui/.project-log	56bc30b2c2eabd28f3f46435c4b356ed5ca5631778dbd0c6600f36bdbb23b3af
tofu	tofu/006__dexbot_ros2_ws__src__gui_backup__gui	tofu/dexbot_ros2_ws/src/gui_backup/gui/.project-log	tofu/dexbot_ros2_ws备份/dexbot_ros2_ws（6月11日上午）/src/gui_backup/gui/.project-log	02148a85b55f68b55f9a8d988d40110a7e63270b4103fa87fc06c81ae40d5394
tofu	tofu/007__dexbot_ros2_ws__src__gui_backup__gui2	tofu/dexbot_ros2_ws/src/gui_backup/gui2/.project-log	tofu/dexbot_ros2_ws备份/dexbot_ros2_ws（6月11日上午）/src/gui_backup/gui2/.project-log	976abbb3ceea161f43605bb8934d05c924f2b36db5f1a2c943371fe06dbbbda4
tofu	tofu/008__dexbot_ros2_ws备份__dexbot_ros2_ws11（竖着切有点小问题）__src__cuttofo_xcore	tofu/dexbot_ros2_ws备份/dexbot_ros2_ws11（竖着切有点小问题）/src/cuttofo_xcore/.project-log	tofu/dexbot_ros2_ws备份/dexbot_ros2_ws（复件10-准备加入box提示逻辑）/src/cuttofo_xcore/.project-log	fa4924f9f8fb197df73d662d38180c54f6a5385e65e1e51798c52e08aeb597ec
tofu	tofu/009__dexbot_ros2_ws备份__dexbot_ros2_ws11（竖着切有点小问题）__src__gui	tofu/dexbot_ros2_ws备份/dexbot_ros2_ws11（竖着切有点小问题）/src/gui/.project-log	tofu/dexbot_ros2_ws备份/dexbot_ros2_ws（复件10-准备加入box提示逻辑）/src/gui/.project-log	393fbc0de9c49328820317087bcda390d9b9c23a25c4d16f950409aedbf8b6e4
tofu	tofu/009__dexbot_ros2_ws备份__dexbot_ros2_ws11（竖着切有点小问题）__src__gui	tofu/dexbot_ros2_ws备份/dexbot_ros2_ws11（竖着切有点小问题）/src/gui/.project-log	tofu/dexbot_ros2_ws备份/dexbot_ros2_ws（复件12-切换右臂之后，还没调试好）/src/gui/.project-log	393fbc0de9c49328820317087bcda390d9b9c23a25c4d16f950409aedbf8b6e4
tofu	tofu/009__dexbot_ros2_ws备份__dexbot_ros2_ws11（竖着切有点小问题）__src__gui	tofu/dexbot_ros2_ws备份/dexbot_ros2_ws11（竖着切有点小问题）/src/gui/.project-log	tofu/dexbot_ros2_ws备份/dexbot_ros2_ws（复件13-修复了一些阶段7的下切BUG）/src/gui/.project-log	393fbc0de9c49328820317087bcda390d9b9c23a25c4d16f950409aedbf8b6e4
tofu	tofu/009__dexbot_ros2_ws备份__dexbot_ros2_ws11（竖着切有点小问题）__src__gui	tofu/dexbot_ros2_ws备份/dexbot_ros2_ws11（竖着切有点小问题）/src/gui/.project-log	tofu/dexbot_ros2_ws备份/dexbot_ros2_ws（复件14-目前暂时没问题的版本）/src/gui/.project-log	393fbc0de9c49328820317087bcda390d9b9c23a25c4d16f950409aedbf8b6e4
tofu	tofu/009__dexbot_ros2_ws备份__dexbot_ros2_ws11（竖着切有点小问题）__src__gui	tofu/dexbot_ros2_ws备份/dexbot_ros2_ws11（竖着切有点小问题）/src/gui/.project-log	tofu/dexbot_ros2_ws备份/dexbot_ros2_ws（复件3-15号初始）/src/gui/.project-log	393fbc0de9c49328820317087bcda390d9b9c23a25c4d16f950409aedbf8b6e4
tofu	tofu/009__dexbot_ros2_ws备份__dexbot_ros2_ws11（竖着切有点小问题）__src__gui	tofu/dexbot_ros2_ws备份/dexbot_ros2_ws11（竖着切有点小问题）/src/gui/.project-log	tofu/dexbot_ros2_ws备份/dexbot_ros2_ws（复件4）/src/gui/.project-log	393fbc0de9c49328820317087bcda390d9b9c23a25c4d16f950409aedbf8b6e4
tofu	tofu/009__dexbot_ros2_ws备份__dexbot_ros2_ws11（竖着切有点小问题）__src__gui	tofu/dexbot_ros2_ws备份/dexbot_ros2_ws11（竖着切有点小问题）/src/gui/.project-log	tofu/dexbot_ros2_ws备份/dexbot_ros2_ws（复件5）/src/gui/.project-log	393fbc0de9c49328820317087bcda390d9b9c23a25c4d16f950409aedbf8b6e4
tofu	tofu/009__dexbot_ros2_ws备份__dexbot_ros2_ws11（竖着切有点小问题）__src__gui	tofu/dexbot_ros2_ws备份/dexbot_ros2_ws11（竖着切有点小问题）/src/gui/.project-log	tofu/dexbot_ros2_ws备份/dexbot_ros2_ws（复件6）/src/gui/.project-log	393fbc0de9c49328820317087bcda390d9b9c23a25c4d16f950409aedbf8b6e4
tofu	tofu/009__dexbot_ros2_ws备份__dexbot_ros2_ws11（竖着切有点小问题）__src__gui	tofu/dexbot_ros2_ws备份/dexbot_ros2_ws11（竖着切有点小问题）/src/gui/.project-log	tofu/dexbot_ros2_ws备份/dexbot_ros2_ws（复件7）/src/gui/.project-log	393fbc0de9c49328820317087bcda390d9b9c23a25c4d16f950409aedbf8b6e4
tofu	tofu/009__dexbot_ros2_ws备份__dexbot_ros2_ws11（竖着切有点小问题）__src__gui	tofu/dexbot_ros2_ws备份/dexbot_ros2_ws11（竖着切有点小问题）/src/gui/.project-log	tofu/dexbot_ros2_ws备份/dexbot_ros2_ws（复件8中间，旋转不行）/src/gui/.project-log	393fbc0de9c49328820317087bcda390d9b9c23a25c4d16f950409aedbf8b6e4
tofu	tofu/009__dexbot_ros2_ws备份__dexbot_ros2_ws11（竖着切有点小问题）__src__gui	tofu/dexbot_ros2_ws备份/dexbot_ros2_ws11（竖着切有点小问题）/src/gui/.project-log	tofu/dexbot_ros2_ws备份/dexbot_ros2_ws（复件9,phase1-5没问题）/src/gui/.project-log	393fbc0de9c49328820317087bcda390d9b9c23a25c4d16f950409aedbf8b6e4
tofu	tofu/009__dexbot_ros2_ws备份__dexbot_ros2_ws11（竖着切有点小问题）__src__gui	tofu/dexbot_ros2_ws备份/dexbot_ros2_ws11（竖着切有点小问题）/src/gui/.project-log	tofu/dexbot_ros2_ws备份/dexbot_ros2_ws（附件15-准备集成抓刀逻辑）/src/gui/.project-log	393fbc0de9c49328820317087bcda390d9b9c23a25c4d16f950409aedbf8b6e4
tofu	tofu/012__dexbot_ros2_ws备份__dexbot_ros2_ws（复件14-目前暂时没问题的版本）__src__cuttofo_xcore	tofu/dexbot_ros2_ws备份/dexbot_ros2_ws（复件14-目前暂时没问题的版本）/src/cuttofo_xcore/.project-log	tofu/dexbot_ros2_ws备份/dexbot_ros2_ws（复件13-修复了一些阶段7的下切BUG）/src/cuttofo_xcore/.project-log	9f75d460fa0e4aa06b12063a5d3a941526e0c3846d86c25f4db8fa236882951f
tofu	tofu/013__dexbot_ros2_ws备份__dexbot_ros2_ws（复件17-重新标定相机之后的版本）__src__cuttofo_xcore	tofu/dexbot_ros2_ws备份/dexbot_ros2_ws（复件17-重新标定相机之后的版本）/src/cuttofo_xcore/.project-log	tofu/dexbot_ros2_ws备份/dexbot_ros2_ws（附件16-阶段3有BUG会抽搐的版本）/src/cuttofo_xcore/.project-log	e9a3ba0acb401f901d6ffc92f9b7293715392dba4b1163836466224f80899d0c
tofu	tofu/027__dexbot_ros2_ws备份__dexbot_ros2_ws（附件20）__src__cuttofo_xcore	tofu/dexbot_ros2_ws备份/dexbot_ros2_ws（附件20）/src/cuttofo_xcore/.project-log	tofu/dexbot_ros2_ws备份/dexbot_ros2_ws(附件22-20号上午调试的稳定版本)/src/cuttofo_xcore/.project-log	7b7d5b2a1f15a2a6b87f5ad41dfc7b1d96e1187316381478c41a3a4b2de37fab
tofu	tofu/027__dexbot_ros2_ws备份__dexbot_ros2_ws（附件20）__src__cuttofo_xcore	tofu/dexbot_ros2_ws备份/dexbot_ros2_ws（附件20）/src/cuttofo_xcore/.project-log	tofu/dexbot_ros2_ws备份/dexbot_ros2_ws（附件21-全流程参数最优版）/src/cuttofo_xcore/.project-log	7b7d5b2a1f15a2a6b87f5ad41dfc7b1d96e1187316381478c41a3a4b2de37fab
切黄瓜项目跟踪	切黄瓜项目跟踪/002__dexbot_ros2_ws（复件）	切黄瓜项目跟踪/dexbot_ros2_ws（复件）/.project-log	tofu/dexbot_ros2_ws备份/dexbot_ros2_ws(附件24-23号上午测试参数没问题版本)/.project-log	3da3493b5e499985fb2f533026412d79ccf6aafb6561b232307999d0285b467b
切黄瓜项目跟踪	切黄瓜项目跟踪/002__dexbot_ros2_ws（复件）	切黄瓜项目跟踪/dexbot_ros2_ws（复件）/.project-log	tofu/dexbot_ros2_ws备份/dexbot_ros2_ws（附件23-拔刀修好了，但是阶段2还是不会动有BUG）/.project-log	3da3493b5e499985fb2f533026412d79ccf6aafb6561b232307999d0285b467b
切黄瓜项目跟踪	切黄瓜项目跟踪/002__dexbot_ros2_ws（复件）	切黄瓜项目跟踪/dexbot_ros2_ws（复件）/.project-log	tofu/dexbot_ros2_ws备份/dexbot_ros2_ws（附件25-视觉优化第一版本）/.project-log	3da3493b5e499985fb2f533026412d79ccf6aafb6561b232307999d0285b467b
切黄瓜项目跟踪	切黄瓜项目跟踪/002__dexbot_ros2_ws（复件）	切黄瓜项目跟踪/dexbot_ros2_ws（复件）/.project-log	tofu/dexbot_ros2_ws备份/dexbot_ros2_ws（附件26-继续优化）/.project-log	3da3493b5e499985fb2f533026412d79ccf6aafb6561b232307999d0285b467b
切黄瓜项目跟踪	切黄瓜项目跟踪/002__dexbot_ros2_ws（复件）	切黄瓜项目跟踪/dexbot_ros2_ws（复件）/.project-log	tofu/dexbot_ros2_ws备份/dexbot_ros2_ws（附件27-视觉优化版本2）/.project-log	3da3493b5e499985fb2f533026412d79ccf6aafb6561b232307999d0285b467b
切黄瓜项目跟踪	切黄瓜项目跟踪/002__dexbot_ros2_ws（复件）	切黄瓜项目跟踪/dexbot_ros2_ws（复件）/.project-log	tofu/dexbot_ros2_ws备份/dexbot_ros2_ws（附件28-准备优化阶段7的切割逻辑）/.project-log	3da3493b5e499985fb2f533026412d79ccf6aafb6561b232307999d0285b467b
切黄瓜项目跟踪	切黄瓜项目跟踪/002__dexbot_ros2_ws（复件）	切黄瓜项目跟踪/dexbot_ros2_ws（复件）/.project-log	tofu/dexbot_ros2_ws备份/dexbot_ros2_ws（附件29-23号最终版本）/.project-log	3da3493b5e499985fb2f533026412d79ccf6aafb6561b232307999d0285b467b
切黄瓜项目跟踪	切黄瓜项目跟踪/002__dexbot_ros2_ws（复件）	切黄瓜项目跟踪/dexbot_ros2_ws（复件）/.project-log	tofu/dexbot_ros2_ws备份/dexbot_ros2_ws（附件30-开始优化过渡阶段逻辑）/.project-log	3da3493b5e499985fb2f533026412d79ccf6aafb6561b232307999d0285b467b
切黄瓜项目跟踪	切黄瓜项目跟踪/002__dexbot_ros2_ws（复件）	切黄瓜项目跟踪/dexbot_ros2_ws（复件）/.project-log	tofu/dexbot_ros2_ws备份/dexbot_ros2_ws（附件31-24号最终没问题版本）/.project-log	3da3493b5e499985fb2f533026412d79ccf6aafb6561b232307999d0285b467b
切黄瓜项目跟踪	切黄瓜项目跟踪/002__dexbot_ros2_ws（复件）	切黄瓜项目跟踪/dexbot_ros2_ws（复件）/.project-log	切黄瓜项目跟踪/dexbot_ros2_ws（另一个复件）/.project-log	3da3493b5e499985fb2f533026412d79ccf6aafb6561b232307999d0285b467b
切黄瓜项目跟踪	切黄瓜项目跟踪/002__dexbot_ros2_ws（复件）	切黄瓜项目跟踪/dexbot_ros2_ws（复件）/.project-log	切黄瓜项目跟踪/dexbot_ros2_ws（第 3 个复件）/.project-log	3da3493b5e499985fb2f533026412d79ccf6aafb6561b232307999d0285b467b
切黄瓜项目跟踪	切黄瓜项目跟踪/003__dexbot_ros2_ws（复件）__src__cuttofo_calibration	切黄瓜项目跟踪/dexbot_ros2_ws（复件）/src/cuttofo_calibration/.project-log	tofu/dexbot_ros2_ws备份/dexbot_ros2_ws(附件22-20号上午调试的稳定版本)/src/cuttofo_calibration/.project-log	c5c80703340dc21470c88351ade03de57ea4f268c0b87a592fb8d666e239b8e0
切黄瓜项目跟踪	切黄瓜项目跟踪/003__dexbot_ros2_ws（复件）__src__cuttofo_calibration	切黄瓜项目跟踪/dexbot_ros2_ws（复件）/src/cuttofo_calibration/.project-log	tofu/dexbot_ros2_ws备份/dexbot_ros2_ws11（竖着切有点小问题）/src/cuttofo_calibration/.project-log	c5c80703340dc21470c88351ade03de57ea4f268c0b87a592fb8d666e239b8e0
切黄瓜项目跟踪	切黄瓜项目跟踪/003__dexbot_ros2_ws（复件）__src__cuttofo_calibration	切黄瓜项目跟踪/dexbot_ros2_ws（复件）/src/cuttofo_calibration/.project-log	tofu/dexbot_ros2_ws备份/dexbot_ros2_ws（备份16-还没有集成抓刀逻辑，做了一下phase·跳转的优化）/src/cuttofo_calibration/.project-log	c5c80703340dc21470c88351ade03de57ea4f268c0b87a592fb8d666e239b8e0
切黄瓜项目跟踪	切黄瓜项目跟踪/003__dexbot_ros2_ws（复件）__src__cuttofo_calibration	切黄瓜项目跟踪/dexbot_ros2_ws（复件）/src/cuttofo_calibration/.project-log	tofu/dexbot_ros2_ws备份/dexbot_ros2_ws（复件10-准备加入box提示逻辑）/src/cuttofo_calibration/.project-log	c5c80703340dc21470c88351ade03de57ea4f268c0b87a592fb8d666e239b8e0
切黄瓜项目跟踪	切黄瓜项目跟踪/003__dexbot_ros2_ws（复件）__src__cuttofo_calibration	切黄瓜项目跟踪/dexbot_ros2_ws（复件）/src/cuttofo_calibration/.project-log	tofu/dexbot_ros2_ws备份/dexbot_ros2_ws（复件12-切换右臂之后，还没调试好）/src/cuttofo_calibration/.project-log	c5c80703340dc21470c88351ade03de57ea4f268c0b87a592fb8d666e239b8e0
切黄瓜项目跟踪	切黄瓜项目跟踪/003__dexbot_ros2_ws（复件）__src__cuttofo_calibration	切黄瓜项目跟踪/dexbot_ros2_ws（复件）/src/cuttofo_calibration/.project-log	tofu/dexbot_ros2_ws备份/dexbot_ros2_ws（复件13-修复了一些阶段7的下切BUG）/src/cuttofo_calibration/.project-log	c5c80703340dc21470c88351ade03de57ea4f268c0b87a592fb8d666e239b8e0
切黄瓜项目跟踪	切黄瓜项目跟踪/003__dexbot_ros2_ws（复件）__src__cuttofo_calibration	切黄瓜项目跟踪/dexbot_ros2_ws（复件）/src/cuttofo_calibration/.project-log	tofu/dexbot_ros2_ws备份/dexbot_ros2_ws（复件14-目前暂时没问题的版本）/src/cuttofo_calibration/.project-log	c5c80703340dc21470c88351ade03de57ea4f268c0b87a592fb8d666e239b8e0
切黄瓜项目跟踪	切黄瓜项目跟踪/003__dexbot_ros2_ws（复件）__src__cuttofo_calibration	切黄瓜项目跟踪/dexbot_ros2_ws（复件）/src/cuttofo_calibration/.project-log	tofu/dexbot_ros2_ws备份/dexbot_ros2_ws（复件17-重新标定相机之后的版本）/src/cuttofo_calibration/.project-log	c5c80703340dc21470c88351ade03de57ea4f268c0b87a592fb8d666e239b8e0
切黄瓜项目跟踪	切黄瓜项目跟踪/003__dexbot_ros2_ws（复件）__src__cuttofo_calibration	切黄瓜项目跟踪/dexbot_ros2_ws（复件）/src/cuttofo_calibration/.project-log	tofu/dexbot_ros2_ws备份/dexbot_ros2_ws（复件2）/src/cuttofo_calibration/.project-log	c5c80703340dc21470c88351ade03de57ea4f268c0b87a592fb8d666e239b8e0
切黄瓜项目跟踪	切黄瓜项目跟踪/003__dexbot_ros2_ws（复件）__src__cuttofo_calibration	切黄瓜项目跟踪/dexbot_ros2_ws（复件）/src/cuttofo_calibration/.project-log	tofu/dexbot_ros2_ws备份/dexbot_ros2_ws（复件3-15号初始）/src/cuttofo_calibration/.project-log	c5c80703340dc21470c88351ade03de57ea4f268c0b87a592fb8d666e239b8e0
切黄瓜项目跟踪	切黄瓜项目跟踪/003__dexbot_ros2_ws（复件）__src__cuttofo_calibration	切黄瓜项目跟踪/dexbot_ros2_ws（复件）/src/cuttofo_calibration/.project-log	tofu/dexbot_ros2_ws备份/dexbot_ros2_ws（复件4）/src/cuttofo_calibration/.project-log	c5c80703340dc21470c88351ade03de57ea4f268c0b87a592fb8d666e239b8e0
切黄瓜项目跟踪	切黄瓜项目跟踪/003__dexbot_ros2_ws（复件）__src__cuttofo_calibration	切黄瓜项目跟踪/dexbot_ros2_ws（复件）/src/cuttofo_calibration/.project-log	tofu/dexbot_ros2_ws备份/dexbot_ros2_ws（复件5）/src/cuttofo_calibration/.project-log	c5c80703340dc21470c88351ade03de57ea4f268c0b87a592fb8d666e239b8e0
切黄瓜项目跟踪	切黄瓜项目跟踪/003__dexbot_ros2_ws（复件）__src__cuttofo_calibration	切黄瓜项目跟踪/dexbot_ros2_ws（复件）/src/cuttofo_calibration/.project-log	tofu/dexbot_ros2_ws备份/dexbot_ros2_ws（复件6）/src/cuttofo_calibration/.project-log	c5c80703340dc21470c88351ade03de57ea4f268c0b87a592fb8d666e239b8e0
切黄瓜项目跟踪	切黄瓜项目跟踪/003__dexbot_ros2_ws（复件）__src__cuttofo_calibration	切黄瓜项目跟踪/dexbot_ros2_ws（复件）/src/cuttofo_calibration/.project-log	tofu/dexbot_ros2_ws备份/dexbot_ros2_ws（复件7）/src/cuttofo_calibration/.project-log	c5c80703340dc21470c88351ade03de57ea4f268c0b87a592fb8d666e239b8e0
切黄瓜项目跟踪	切黄瓜项目跟踪/003__dexbot_ros2_ws（复件）__src__cuttofo_calibration	切黄瓜项目跟踪/dexbot_ros2_ws（复件）/src/cuttofo_calibration/.project-log	tofu/dexbot_ros2_ws备份/dexbot_ros2_ws（复件8中间，旋转不行）/src/cuttofo_calibration/.project-log	c5c80703340dc21470c88351ade03de57ea4f268c0b87a592fb8d666e239b8e0
切黄瓜项目跟踪	切黄瓜项目跟踪/003__dexbot_ros2_ws（复件）__src__cuttofo_calibration	切黄瓜项目跟踪/dexbot_ros2_ws（复件）/src/cuttofo_calibration/.project-log	tofu/dexbot_ros2_ws备份/dexbot_ros2_ws（复件9,phase1-5没问题）/src/cuttofo_calibration/.project-log	c5c80703340dc21470c88351ade03de57ea4f268c0b87a592fb8d666e239b8e0
切黄瓜项目跟踪	切黄瓜项目跟踪/003__dexbot_ros2_ws（复件）__src__cuttofo_calibration	切黄瓜项目跟踪/dexbot_ros2_ws（复件）/src/cuttofo_calibration/.project-log	tofu/dexbot_ros2_ws备份/dexbot_ros2_ws（附件15-准备集成抓刀逻辑）/src/cuttofo_calibration/.project-log	c5c80703340dc21470c88351ade03de57ea4f268c0b87a592fb8d666e239b8e0
切黄瓜项目跟踪	切黄瓜项目跟踪/003__dexbot_ros2_ws（复件）__src__cuttofo_calibration	切黄瓜项目跟踪/dexbot_ros2_ws（复件）/src/cuttofo_calibration/.project-log	tofu/dexbot_ros2_ws备份/dexbot_ros2_ws（附件16-阶段3有BUG会抽搐的版本）/src/cuttofo_calibration/.project-log	c5c80703340dc21470c88351ade03de57ea4f268c0b87a592fb8d666e239b8e0
切黄瓜项目跟踪	切黄瓜项目跟踪/003__dexbot_ros2_ws（复件）__src__cuttofo_calibration	切黄瓜项目跟踪/dexbot_ros2_ws（复件）/src/cuttofo_calibration/.project-log	tofu/dexbot_ros2_ws备份/dexbot_ros2_ws（附件17-开始集成抓刀的逻辑）/src/cuttofo_calibration/.project-log	c5c80703340dc21470c88351ade03de57ea4f268c0b87a592fb8d666e239b8e0
切黄瓜项目跟踪	切黄瓜项目跟踪/003__dexbot_ros2_ws（复件）__src__cuttofo_calibration	切黄瓜项目跟踪/dexbot_ros2_ws（复件）/src/cuttofo_calibration/.project-log	tofu/dexbot_ros2_ws备份/dexbot_ros2_ws（附件18-初步测试可以抓刀，需要修改一下抓刀参数然后测试能不能全流程）/src/cuttofo_calibration/.project-log	c5c80703340dc21470c88351ade03de57ea4f268c0b87a592fb8d666e239b8e0
切黄瓜项目跟踪	切黄瓜项目跟踪/003__dexbot_ros2_ws（复件）__src__cuttofo_calibration	切黄瓜项目跟踪/dexbot_ros2_ws（复件）/src/cuttofo_calibration/.project-log	tofu/dexbot_ros2_ws备份/dexbot_ros2_ws（附件19-全流程能串但是拔刀之后切豆腐会抽搐）/src/cuttofo_calibration/.project-log	c5c80703340dc21470c88351ade03de57ea4f268c0b87a592fb8d666e239b8e0
切黄瓜项目跟踪	切黄瓜项目跟踪/003__dexbot_ros2_ws（复件）__src__cuttofo_calibration	切黄瓜项目跟踪/dexbot_ros2_ws（复件）/src/cuttofo_calibration/.project-log	tofu/dexbot_ros2_ws备份/dexbot_ros2_ws（附件20）/src/cuttofo_calibration/.project-log	c5c80703340dc21470c88351ade03de57ea4f268c0b87a592fb8d666e239b8e0
切黄瓜项目跟踪	切黄瓜项目跟踪/003__dexbot_ros2_ws（复件）__src__cuttofo_calibration	切黄瓜项目跟踪/dexbot_ros2_ws（复件）/src/cuttofo_calibration/.project-log	tofu/dexbot_ros2_ws备份/dexbot_ros2_ws（附件21-全流程参数最优版）/src/cuttofo_calibration/.project-log	c5c80703340dc21470c88351ade03de57ea4f268c0b87a592fb8d666e239b8e0
切黄瓜项目跟踪	切黄瓜项目跟踪/003__dexbot_ros2_ws（复件）__src__cuttofo_calibration	切黄瓜项目跟踪/dexbot_ros2_ws（复件）/src/cuttofo_calibration/.project-log	切黄瓜项目跟踪/dexbot_ros2_ws（另一个复件）/src/cuttofo_calibration/.project-log	c5c80703340dc21470c88351ade03de57ea4f268c0b87a592fb8d666e239b8e0
切黄瓜项目跟踪	切黄瓜项目跟踪/004__dexbot_ros2_ws（复件）__src__cuttofo_lbot	切黄瓜项目跟踪/dexbot_ros2_ws（复件）/src/cuttofo_lbot/.project-log	cucumber/备份/dexbot_ros2_ws1（附件4）/src/cuttofo_lbot/.project-log	798da3c2fbcfd903e028b32718b09d9cc239b105f49fef0f31753b2f96419fb1
切黄瓜项目跟踪	切黄瓜项目跟踪/004__dexbot_ros2_ws（复件）__src__cuttofo_lbot	切黄瓜项目跟踪/dexbot_ros2_ws（复件）/src/cuttofo_lbot/.project-log	tofu/dexbot_ros2_ws备份/dexbot_ros2_ws(附件22-20号上午调试的稳定版本)/src/cuttofo_lbot/.project-log	798da3c2fbcfd903e028b32718b09d9cc239b105f49fef0f31753b2f96419fb1
切黄瓜项目跟踪	切黄瓜项目跟踪/004__dexbot_ros2_ws（复件）__src__cuttofo_lbot	切黄瓜项目跟踪/dexbot_ros2_ws（复件）/src/cuttofo_lbot/.project-log	tofu/dexbot_ros2_ws备份/dexbot_ros2_ws(附件24-23号上午测试参数没问题版本)/src/cuttofo_lbot/.project-log	798da3c2fbcfd903e028b32718b09d9cc239b105f49fef0f31753b2f96419fb1
切黄瓜项目跟踪	切黄瓜项目跟踪/004__dexbot_ros2_ws（复件）__src__cuttofo_lbot	切黄瓜项目跟踪/dexbot_ros2_ws（复件）/src/cuttofo_lbot/.project-log	tofu/dexbot_ros2_ws备份/dexbot_ros2_ws11（竖着切有点小问题）/src/cuttofo_lbot/.project-log	798da3c2fbcfd903e028b32718b09d9cc239b105f49fef0f31753b2f96419fb1
切黄瓜项目跟踪	切黄瓜项目跟踪/004__dexbot_ros2_ws（复件）__src__cuttofo_lbot	切黄瓜项目跟踪/dexbot_ros2_ws（复件）/src/cuttofo_lbot/.project-log	tofu/dexbot_ros2_ws备份/dexbot_ros2_ws（备份16-还没有集成抓刀逻辑，做了一下phase·跳转的优化）/src/cuttofo_lbot/.project-log	798da3c2fbcfd903e028b32718b09d9cc239b105f49fef0f31753b2f96419fb1
切黄瓜项目跟踪	切黄瓜项目跟踪/004__dexbot_ros2_ws（复件）__src__cuttofo_lbot	切黄瓜项目跟踪/dexbot_ros2_ws（复件）/src/cuttofo_lbot/.project-log	tofu/dexbot_ros2_ws备份/dexbot_ros2_ws（复件10-准备加入box提示逻辑）/src/cuttofo_lbot/.project-log	798da3c2fbcfd903e028b32718b09d9cc239b105f49fef0f31753b2f96419fb1
切黄瓜项目跟踪	切黄瓜项目跟踪/004__dexbot_ros2_ws（复件）__src__cuttofo_lbot	切黄瓜项目跟踪/dexbot_ros2_ws（复件）/src/cuttofo_lbot/.project-log	tofu/dexbot_ros2_ws备份/dexbot_ros2_ws（复件12-切换右臂之后，还没调试好）/src/cuttofo_lbot/.project-log	798da3c2fbcfd903e028b32718b09d9cc239b105f49fef0f31753b2f96419fb1
切黄瓜项目跟踪	切黄瓜项目跟踪/004__dexbot_ros2_ws（复件）__src__cuttofo_lbot	切黄瓜项目跟踪/dexbot_ros2_ws（复件）/src/cuttofo_lbot/.project-log	tofu/dexbot_ros2_ws备份/dexbot_ros2_ws（复件13-修复了一些阶段7的下切BUG）/src/cuttofo_lbot/.project-log	798da3c2fbcfd903e028b32718b09d9cc239b105f49fef0f31753b2f96419fb1
切黄瓜项目跟踪	切黄瓜项目跟踪/004__dexbot_ros2_ws（复件）__src__cuttofo_lbot	切黄瓜项目跟踪/dexbot_ros2_ws（复件）/src/cuttofo_lbot/.project-log	tofu/dexbot_ros2_ws备份/dexbot_ros2_ws（复件14-目前暂时没问题的版本）/src/cuttofo_lbot/.project-log	798da3c2fbcfd903e028b32718b09d9cc239b105f49fef0f31753b2f96419fb1
切黄瓜项目跟踪	切黄瓜项目跟踪/004__dexbot_ros2_ws（复件）__src__cuttofo_lbot	切黄瓜项目跟踪/dexbot_ros2_ws（复件）/src/cuttofo_lbot/.project-log	tofu/dexbot_ros2_ws备份/dexbot_ros2_ws（复件17-重新标定相机之后的版本）/src/cuttofo_lbot/.project-log	798da3c2fbcfd903e028b32718b09d9cc239b105f49fef0f31753b2f96419fb1
切黄瓜项目跟踪	切黄瓜项目跟踪/004__dexbot_ros2_ws（复件）__src__cuttofo_lbot	切黄瓜项目跟踪/dexbot_ros2_ws（复件）/src/cuttofo_lbot/.project-log	tofu/dexbot_ros2_ws备份/dexbot_ros2_ws（复件2）/src/cuttofo_lbot/.project-log	798da3c2fbcfd903e028b32718b09d9cc239b105f49fef0f31753b2f96419fb1
切黄瓜项目跟踪	切黄瓜项目跟踪/004__dexbot_ros2_ws（复件）__src__cuttofo_lbot	切黄瓜项目跟踪/dexbot_ros2_ws（复件）/src/cuttofo_lbot/.project-log	tofu/dexbot_ros2_ws备份/dexbot_ros2_ws（复件3-15号初始）/src/cuttofo_lbot/.project-log	798da3c2fbcfd903e028b32718b09d9cc239b105f49fef0f31753b2f96419fb1
切黄瓜项目跟踪	切黄瓜项目跟踪/004__dexbot_ros2_ws（复件）__src__cuttofo_lbot	切黄瓜项目跟踪/dexbot_ros2_ws（复件）/src/cuttofo_lbot/.project-log	tofu/dexbot_ros2_ws备份/dexbot_ros2_ws（复件4）/src/cuttofo_lbot/.project-log	798da3c2fbcfd903e028b32718b09d9cc239b105f49fef0f31753b2f96419fb1
切黄瓜项目跟踪	切黄瓜项目跟踪/004__dexbot_ros2_ws（复件）__src__cuttofo_lbot	切黄瓜项目跟踪/dexbot_ros2_ws（复件）/src/cuttofo_lbot/.project-log	tofu/dexbot_ros2_ws备份/dexbot_ros2_ws（复件5）/src/cuttofo_lbot/.project-log	798da3c2fbcfd903e028b32718b09d9cc239b105f49fef0f31753b2f96419fb1
切黄瓜项目跟踪	切黄瓜项目跟踪/004__dexbot_ros2_ws（复件）__src__cuttofo_lbot	切黄瓜项目跟踪/dexbot_ros2_ws（复件）/src/cuttofo_lbot/.project-log	tofu/dexbot_ros2_ws备份/dexbot_ros2_ws（复件6）/src/cuttofo_lbot/.project-log	798da3c2fbcfd903e028b32718b09d9cc239b105f49fef0f31753b2f96419fb1
切黄瓜项目跟踪	切黄瓜项目跟踪/004__dexbot_ros2_ws（复件）__src__cuttofo_lbot	切黄瓜项目跟踪/dexbot_ros2_ws（复件）/src/cuttofo_lbot/.project-log	tofu/dexbot_ros2_ws备份/dexbot_ros2_ws（复件7）/src/cuttofo_lbot/.project-log	798da3c2fbcfd903e028b32718b09d9cc239b105f49fef0f31753b2f96419fb1
切黄瓜项目跟踪	切黄瓜项目跟踪/004__dexbot_ros2_ws（复件）__src__cuttofo_lbot	切黄瓜项目跟踪/dexbot_ros2_ws（复件）/src/cuttofo_lbot/.project-log	tofu/dexbot_ros2_ws备份/dexbot_ros2_ws（复件8中间，旋转不行）/src/cuttofo_lbot/.project-log	798da3c2fbcfd903e028b32718b09d9cc239b105f49fef0f31753b2f96419fb1
切黄瓜项目跟踪	切黄瓜项目跟踪/004__dexbot_ros2_ws（复件）__src__cuttofo_lbot	切黄瓜项目跟踪/dexbot_ros2_ws（复件）/src/cuttofo_lbot/.project-log	tofu/dexbot_ros2_ws备份/dexbot_ros2_ws（复件9,phase1-5没问题）/src/cuttofo_lbot/.project-log	798da3c2fbcfd903e028b32718b09d9cc239b105f49fef0f31753b2f96419fb1
切黄瓜项目跟踪	切黄瓜项目跟踪/004__dexbot_ros2_ws（复件）__src__cuttofo_lbot	切黄瓜项目跟踪/dexbot_ros2_ws（复件）/src/cuttofo_lbot/.project-log	tofu/dexbot_ros2_ws备份/dexbot_ros2_ws（附件15-准备集成抓刀逻辑）/src/cuttofo_lbot/.project-log	798da3c2fbcfd903e028b32718b09d9cc239b105f49fef0f31753b2f96419fb1
切黄瓜项目跟踪	切黄瓜项目跟踪/004__dexbot_ros2_ws（复件）__src__cuttofo_lbot	切黄瓜项目跟踪/dexbot_ros2_ws（复件）/src/cuttofo_lbot/.project-log	tofu/dexbot_ros2_ws备份/dexbot_ros2_ws（附件16-阶段3有BUG会抽搐的版本）/src/cuttofo_lbot/.project-log	798da3c2fbcfd903e028b32718b09d9cc239b105f49fef0f31753b2f96419fb1
切黄瓜项目跟踪	切黄瓜项目跟踪/004__dexbot_ros2_ws（复件）__src__cuttofo_lbot	切黄瓜项目跟踪/dexbot_ros2_ws（复件）/src/cuttofo_lbot/.project-log	tofu/dexbot_ros2_ws备份/dexbot_ros2_ws（附件17-开始集成抓刀的逻辑）/src/cuttofo_lbot/.project-log	798da3c2fbcfd903e028b32718b09d9cc239b105f49fef0f31753b2f96419fb1
切黄瓜项目跟踪	切黄瓜项目跟踪/004__dexbot_ros2_ws（复件）__src__cuttofo_lbot	切黄瓜项目跟踪/dexbot_ros2_ws（复件）/src/cuttofo_lbot/.project-log	tofu/dexbot_ros2_ws备份/dexbot_ros2_ws（附件18-初步测试可以抓刀，需要修改一下抓刀参数然后测试能不能全流程）/src/cuttofo_lbot/.project-log	798da3c2fbcfd903e028b32718b09d9cc239b105f49fef0f31753b2f96419fb1
切黄瓜项目跟踪	切黄瓜项目跟踪/004__dexbot_ros2_ws（复件）__src__cuttofo_lbot	切黄瓜项目跟踪/dexbot_ros2_ws（复件）/src/cuttofo_lbot/.project-log	tofu/dexbot_ros2_ws备份/dexbot_ros2_ws（附件19-全流程能串但是拔刀之后切豆腐会抽搐）/src/cuttofo_lbot/.project-log	798da3c2fbcfd903e028b32718b09d9cc239b105f49fef0f31753b2f96419fb1
切黄瓜项目跟踪	切黄瓜项目跟踪/004__dexbot_ros2_ws（复件）__src__cuttofo_lbot	切黄瓜项目跟踪/dexbot_ros2_ws（复件）/src/cuttofo_lbot/.project-log	tofu/dexbot_ros2_ws备份/dexbot_ros2_ws（附件20）/src/cuttofo_lbot/.project-log	798da3c2fbcfd903e028b32718b09d9cc239b105f49fef0f31753b2f96419fb1
切黄瓜项目跟踪	切黄瓜项目跟踪/004__dexbot_ros2_ws（复件）__src__cuttofo_lbot	切黄瓜项目跟踪/dexbot_ros2_ws（复件）/src/cuttofo_lbot/.project-log	tofu/dexbot_ros2_ws备份/dexbot_ros2_ws（附件21-全流程参数最优版）/src/cuttofo_lbot/.project-log	798da3c2fbcfd903e028b32718b09d9cc239b105f49fef0f31753b2f96419fb1
切黄瓜项目跟踪	切黄瓜项目跟踪/004__dexbot_ros2_ws（复件）__src__cuttofo_lbot	切黄瓜项目跟踪/dexbot_ros2_ws（复件）/src/cuttofo_lbot/.project-log	tofu/dexbot_ros2_ws备份/dexbot_ros2_ws（附件23-拔刀修好了，但是阶段2还是不会动有BUG）/src/cuttofo_lbot/.project-log	798da3c2fbcfd903e028b32718b09d9cc239b105f49fef0f31753b2f96419fb1
切黄瓜项目跟踪	切黄瓜项目跟踪/004__dexbot_ros2_ws（复件）__src__cuttofo_lbot	切黄瓜项目跟踪/dexbot_ros2_ws（复件）/src/cuttofo_lbot/.project-log	tofu/dexbot_ros2_ws备份/dexbot_ros2_ws（附件25-视觉优化第一版本）/src/cuttofo_lbot/.project-log	798da3c2fbcfd903e028b32718b09d9cc239b105f49fef0f31753b2f96419fb1
切黄瓜项目跟踪	切黄瓜项目跟踪/004__dexbot_ros2_ws（复件）__src__cuttofo_lbot	切黄瓜项目跟踪/dexbot_ros2_ws（复件）/src/cuttofo_lbot/.project-log	tofu/dexbot_ros2_ws备份/dexbot_ros2_ws（附件26-继续优化）/src/cuttofo_lbot/.project-log	798da3c2fbcfd903e028b32718b09d9cc239b105f49fef0f31753b2f96419fb1
切黄瓜项目跟踪	切黄瓜项目跟踪/004__dexbot_ros2_ws（复件）__src__cuttofo_lbot	切黄瓜项目跟踪/dexbot_ros2_ws（复件）/src/cuttofo_lbot/.project-log	tofu/dexbot_ros2_ws备份/dexbot_ros2_ws（附件27-视觉优化版本2）/src/cuttofo_lbot/.project-log	798da3c2fbcfd903e028b32718b09d9cc239b105f49fef0f31753b2f96419fb1
切黄瓜项目跟踪	切黄瓜项目跟踪/004__dexbot_ros2_ws（复件）__src__cuttofo_lbot	切黄瓜项目跟踪/dexbot_ros2_ws（复件）/src/cuttofo_lbot/.project-log	tofu/dexbot_ros2_ws备份/dexbot_ros2_ws（附件28-准备优化阶段7的切割逻辑）/src/cuttofo_lbot/.project-log	798da3c2fbcfd903e028b32718b09d9cc239b105f49fef0f31753b2f96419fb1
切黄瓜项目跟踪	切黄瓜项目跟踪/004__dexbot_ros2_ws（复件）__src__cuttofo_lbot	切黄瓜项目跟踪/dexbot_ros2_ws（复件）/src/cuttofo_lbot/.project-log	tofu/dexbot_ros2_ws备份/dexbot_ros2_ws（附件29-23号最终版本）/src/cuttofo_lbot/.project-log	798da3c2fbcfd903e028b32718b09d9cc239b105f49fef0f31753b2f96419fb1
切黄瓜项目跟踪	切黄瓜项目跟踪/004__dexbot_ros2_ws（复件）__src__cuttofo_lbot	切黄瓜项目跟踪/dexbot_ros2_ws（复件）/src/cuttofo_lbot/.project-log	tofu/dexbot_ros2_ws备份/dexbot_ros2_ws（附件30-开始优化过渡阶段逻辑）/src/cuttofo_lbot/.project-log	798da3c2fbcfd903e028b32718b09d9cc239b105f49fef0f31753b2f96419fb1
切黄瓜项目跟踪	切黄瓜项目跟踪/004__dexbot_ros2_ws（复件）__src__cuttofo_lbot	切黄瓜项目跟踪/dexbot_ros2_ws（复件）/src/cuttofo_lbot/.project-log	tofu/dexbot_ros2_ws备份/dexbot_ros2_ws（附件31-24号最终没问题版本）/src/cuttofo_lbot/.project-log	798da3c2fbcfd903e028b32718b09d9cc239b105f49fef0f31753b2f96419fb1
切黄瓜项目跟踪	切黄瓜项目跟踪/004__dexbot_ros2_ws（复件）__src__cuttofo_lbot	切黄瓜项目跟踪/dexbot_ros2_ws（复件）/src/cuttofo_lbot/.project-log	tofu/dexbot_ros2_ws备份/dexbot_ros2_ws（附件32-准备重构框架）/src/cuttofo_lbot/.project-log	798da3c2fbcfd903e028b32718b09d9cc239b105f49fef0f31753b2f96419fb1
切黄瓜项目跟踪	切黄瓜项目跟踪/004__dexbot_ros2_ws（复件）__src__cuttofo_lbot	切黄瓜项目跟踪/dexbot_ros2_ws（复件）/src/cuttofo_lbot/.project-log	切黄瓜项目跟踪/dexbot_ros2_ws（另一个复件）/src/cuttofo_lbot/.project-log	798da3c2fbcfd903e028b32718b09d9cc239b105f49fef0f31753b2f96419fb1
切黄瓜项目跟踪	切黄瓜项目跟踪/004__dexbot_ros2_ws（复件）__src__cuttofo_lbot	切黄瓜项目跟踪/dexbot_ros2_ws（复件）/src/cuttofo_lbot/.project-log	切黄瓜项目跟踪/dexbot_ros2_ws（第 3 个复件）/src/cuttofo_lbot/.project-log	798da3c2fbcfd903e028b32718b09d9cc239b105f49fef0f31753b2f96419fb1
切黄瓜项目跟踪	切黄瓜项目跟踪/006__dexbot_ros2_ws（复件）__src__gui	切黄瓜项目跟踪/dexbot_ros2_ws（复件）/src/gui/.project-log	cucumber/备份/dexbot_ros2_ws_525（原始版本）/dexbot_ros2_ws/src/gui/.project-log	14359f120b8730bf75e68255c5f529ddc703cce35b39b77142f1b87c06591b19
切黄瓜项目跟踪	切黄瓜项目跟踪/006__dexbot_ros2_ws（复件）__src__gui	切黄瓜项目跟踪/dexbot_ros2_ws（复件）/src/gui/.project-log	tofu/dexbot_ros2_ws备份/dexbot_ros2_ws(附件22-20号上午调试的稳定版本)/src/gui/.project-log	14359f120b8730bf75e68255c5f529ddc703cce35b39b77142f1b87c06591b19
切黄瓜项目跟踪	切黄瓜项目跟踪/006__dexbot_ros2_ws（复件）__src__gui	切黄瓜项目跟踪/dexbot_ros2_ws（复件）/src/gui/.project-log	tofu/dexbot_ros2_ws备份/dexbot_ros2_ws(附件24-23号上午测试参数没问题版本)/src/gui/.project-log	14359f120b8730bf75e68255c5f529ddc703cce35b39b77142f1b87c06591b19
切黄瓜项目跟踪	切黄瓜项目跟踪/006__dexbot_ros2_ws（复件）__src__gui	切黄瓜项目跟踪/dexbot_ros2_ws（复件）/src/gui/.project-log	tofu/dexbot_ros2_ws备份/dexbot_ros2_ws（备份16-还没有集成抓刀逻辑，做了一下phase·跳转的优化）/src/gui/.project-log	14359f120b8730bf75e68255c5f529ddc703cce35b39b77142f1b87c06591b19
切黄瓜项目跟踪	切黄瓜项目跟踪/006__dexbot_ros2_ws（复件）__src__gui	切黄瓜项目跟踪/dexbot_ros2_ws（复件）/src/gui/.project-log	tofu/dexbot_ros2_ws备份/dexbot_ros2_ws（复件17-重新标定相机之后的版本）/src/gui/.project-log	14359f120b8730bf75e68255c5f529ddc703cce35b39b77142f1b87c06591b19
切黄瓜项目跟踪	切黄瓜项目跟踪/006__dexbot_ros2_ws（复件）__src__gui	切黄瓜项目跟踪/dexbot_ros2_ws（复件）/src/gui/.project-log	tofu/dexbot_ros2_ws备份/dexbot_ros2_ws（附件16-阶段3有BUG会抽搐的版本）/src/gui/.project-log	14359f120b8730bf75e68255c5f529ddc703cce35b39b77142f1b87c06591b19
切黄瓜项目跟踪	切黄瓜项目跟踪/006__dexbot_ros2_ws（复件）__src__gui	切黄瓜项目跟踪/dexbot_ros2_ws（复件）/src/gui/.project-log	tofu/dexbot_ros2_ws备份/dexbot_ros2_ws（附件17-开始集成抓刀的逻辑）/src/gui/.project-log	14359f120b8730bf75e68255c5f529ddc703cce35b39b77142f1b87c06591b19
切黄瓜项目跟踪	切黄瓜项目跟踪/006__dexbot_ros2_ws（复件）__src__gui	切黄瓜项目跟踪/dexbot_ros2_ws（复件）/src/gui/.project-log	tofu/dexbot_ros2_ws备份/dexbot_ros2_ws（附件18-初步测试可以抓刀，需要修改一下抓刀参数然后测试能不能全流程）/src/gui/.project-log	14359f120b8730bf75e68255c5f529ddc703cce35b39b77142f1b87c06591b19
切黄瓜项目跟踪	切黄瓜项目跟踪/006__dexbot_ros2_ws（复件）__src__gui	切黄瓜项目跟踪/dexbot_ros2_ws（复件）/src/gui/.project-log	tofu/dexbot_ros2_ws备份/dexbot_ros2_ws（附件19-全流程能串但是拔刀之后切豆腐会抽搐）/src/gui/.project-log	14359f120b8730bf75e68255c5f529ddc703cce35b39b77142f1b87c06591b19
切黄瓜项目跟踪	切黄瓜项目跟踪/006__dexbot_ros2_ws（复件）__src__gui	切黄瓜项目跟踪/dexbot_ros2_ws（复件）/src/gui/.project-log	tofu/dexbot_ros2_ws备份/dexbot_ros2_ws（附件20）/src/gui/.project-log	14359f120b8730bf75e68255c5f529ddc703cce35b39b77142f1b87c06591b19
切黄瓜项目跟踪	切黄瓜项目跟踪/006__dexbot_ros2_ws（复件）__src__gui	切黄瓜项目跟踪/dexbot_ros2_ws（复件）/src/gui/.project-log	tofu/dexbot_ros2_ws备份/dexbot_ros2_ws（附件21-全流程参数最优版）/src/gui/.project-log	14359f120b8730bf75e68255c5f529ddc703cce35b39b77142f1b87c06591b19
切黄瓜项目跟踪	切黄瓜项目跟踪/006__dexbot_ros2_ws（复件）__src__gui	切黄瓜项目跟踪/dexbot_ros2_ws（复件）/src/gui/.project-log	tofu/dexbot_ros2_ws备份/dexbot_ros2_ws（附件23-拔刀修好了，但是阶段2还是不会动有BUG）/src/gui/.project-log	14359f120b8730bf75e68255c5f529ddc703cce35b39b77142f1b87c06591b19
切黄瓜项目跟踪	切黄瓜项目跟踪/006__dexbot_ros2_ws（复件）__src__gui	切黄瓜项目跟踪/dexbot_ros2_ws（复件）/src/gui/.project-log	tofu/dexbot_ros2_ws备份/dexbot_ros2_ws（附件25-视觉优化第一版本）/src/gui/.project-log	14359f120b8730bf75e68255c5f529ddc703cce35b39b77142f1b87c06591b19
切黄瓜项目跟踪	切黄瓜项目跟踪/006__dexbot_ros2_ws（复件）__src__gui	切黄瓜项目跟踪/dexbot_ros2_ws（复件）/src/gui/.project-log	tofu/dexbot_ros2_ws备份/dexbot_ros2_ws（附件26-继续优化）/src/gui/.project-log	14359f120b8730bf75e68255c5f529ddc703cce35b39b77142f1b87c06591b19
切黄瓜项目跟踪	切黄瓜项目跟踪/006__dexbot_ros2_ws（复件）__src__gui	切黄瓜项目跟踪/dexbot_ros2_ws（复件）/src/gui/.project-log	tofu/dexbot_ros2_ws备份/dexbot_ros2_ws（附件27-视觉优化版本2）/src/gui/.project-log	14359f120b8730bf75e68255c5f529ddc703cce35b39b77142f1b87c06591b19
切黄瓜项目跟踪	切黄瓜项目跟踪/006__dexbot_ros2_ws（复件）__src__gui	切黄瓜项目跟踪/dexbot_ros2_ws（复件）/src/gui/.project-log	tofu/dexbot_ros2_ws备份/dexbot_ros2_ws（附件28-准备优化阶段7的切割逻辑）/src/gui/.project-log	14359f120b8730bf75e68255c5f529ddc703cce35b39b77142f1b87c06591b19
切黄瓜项目跟踪	切黄瓜项目跟踪/006__dexbot_ros2_ws（复件）__src__gui	切黄瓜项目跟踪/dexbot_ros2_ws（复件）/src/gui/.project-log	tofu/dexbot_ros2_ws备份/dexbot_ros2_ws（附件29-23号最终版本）/src/gui/.project-log	14359f120b8730bf75e68255c5f529ddc703cce35b39b77142f1b87c06591b19
切黄瓜项目跟踪	切黄瓜项目跟踪/006__dexbot_ros2_ws（复件）__src__gui	切黄瓜项目跟踪/dexbot_ros2_ws（复件）/src/gui/.project-log	tofu/dexbot_ros2_ws备份/dexbot_ros2_ws（附件30-开始优化过渡阶段逻辑）/src/gui/.project-log	14359f120b8730bf75e68255c5f529ddc703cce35b39b77142f1b87c06591b19
切黄瓜项目跟踪	切黄瓜项目跟踪/006__dexbot_ros2_ws（复件）__src__gui	切黄瓜项目跟踪/dexbot_ros2_ws（复件）/src/gui/.project-log	tofu/dexbot_ros2_ws备份/dexbot_ros2_ws（附件31-24号最终没问题版本）/src/gui/.project-log	14359f120b8730bf75e68255c5f529ddc703cce35b39b77142f1b87c06591b19
切黄瓜项目跟踪	切黄瓜项目跟踪/006__dexbot_ros2_ws（复件）__src__gui	切黄瓜项目跟踪/dexbot_ros2_ws（复件）/src/gui/.project-log	切黄瓜项目跟踪/dexbot_ros2_ws（另一个复件）/src/gui/.project-log	14359f120b8730bf75e68255c5f529ddc703cce35b39b77142f1b87c06591b19
切黄瓜项目跟踪	切黄瓜项目跟踪/006__dexbot_ros2_ws（复件）__src__gui	切黄瓜项目跟踪/dexbot_ros2_ws（复件）/src/gui/.project-log	切黄瓜项目跟踪/dexbot_ros2_ws（第 3 个复件）/src/gui/.project-log	14359f120b8730bf75e68255c5f529ddc703cce35b39b77142f1b87c06591b19
